type,brand_cn,brand_en,title,price_hkd,quantity,length_mm,ring_gauge,image1,image2,image3,image4,image5
cuban,大衛杜夫,Davidoff,尼加拉瓜系列10週年限量版 Nicaragua 10th Anniversary (12枝),4800,,152,56,product_images/batch1/Davidoff_Nicaragua_10th_1.jpg,product_images/batch1/Davidoff_Nicaragua_10th_2.jpg,product_images/batch1/Davidoff_Nicaragua_10th_Anniversary_1.jpg,product_images/batch1/Davidoff_Nicaragua_10th_Anniversary_2.jpg,product_images/batch1/Davidoff_Nicaragua_10th_Anniversary_3.jpg
cuban,大衛杜夫,Davidoff,兔年限量版 YEAR OF RABBIT (10枝),4500,,151,54,product_images/batch1/Davidoff_YEAR_OF_RABBIT_1.jpg,product_images/batch1/Davidoff_YEAR_OF_RABBIT_2.jpg,product_images/batch1/Davidoff_YEAR_OF_RABBIT_3.jpg,product_images/batch1/Davidoff_YEAR_OF_RABBIT_4.jpg,product_images/batch1/Davidoff_YEAR_OF_RABBIT_5.jpg
cuban,大衛杜夫,Davidoff,署名2000 SIGNATURE 2000 (20枝),2900,,127,43,product_images/batch1/Davidoff_SIGNATURE_2000_2.jpg,product_images/batch1/Davidoff_SIGNATURE_2000_3.jpg,product_images/batch1/Davidoff_SIGNATURE_2000_4.jpg,,
cuban,大衛杜夫,Davidoff,週年特別版T Aniversario Special T（20支）,4800,,152,52,product_images/batch1/Davidoff_Aniversario_Special_T_1.jpg,product_images/batch1/Davidoff_Aniversario_Special_T_2.jpg,product_images/batch1/Davidoff_Aniversario_Special_T_3.jpg,,
cuban,大衛杜夫,Davidoff,千禧魚雷Millennium Piramides（10支）,3100,,156,52,product_images/batch1/Davidoff_Millennium_Piramides_2.jpg,product_images/batch1/Davidoff_Millennium_Piramides_3.jpg,,,
cuban,大衛杜夫,Davidoff,艾斯库里大高朗拿Escurio Corona （12枝）,2450,,152,46,,,,,
cuban,大衛杜夫,Davidoff,至暗時刻羅伯圖 THE LATE HOUR ROBUSTO (20枝),4400,,127,53,product_images/batch1/Davidoff_THE_LATE_HOUR_ROBUSTO_2.jpg,product_images/batch1/Davidoff_THE_LATE_HOUR_ROBUSTO_3.jpg,product_images/batch1/Davidoff_The_Late_Hour_Churchill_1.jpg,product_images/batch1/Davidoff_The_Late_Hour_Churchill_2.jpg,product_images/batch1/Davidoff_The_Late_Hour_Churchill_3.jpg
cuban,大衛杜夫,Davidoff,至暗時刻丘吉爾 The Late Hour(20枝),4800,,178,48,,,,,
cuban,大衛杜夫,Davidoff,至暗時刻TORO托罗（20枝）,4600,,152,44,product_images/batch1/Davidoff_TORO_1.jpg,product_images/batch1/Davidoff_TORO_2.jpg,,,
cuban,玻利瓦爾,BOLIVAR,小高朗拿 PETIT CORONAS (25枝),3480,,129,42,product_images/batch1/BOLIVAR_PETIT_CORONAS_1.jpg,product_images/batch1/BOLIVAR_PETIT_CORONAS_2.jpg,product_images/batch1/BOLIVAR_PETIT_CORONAS_3.jpg,product_images/batch1/BOLIVAR_PETIT_CORONAS_4.jpg,product_images/batch1/BOLIVAR_PETIT_CORONAS_5.jpg
cuban,玻利瓦爾,BOLIVAR,高朗拿少年 CORONAS SENIORS (25枝),3300,,132,42,product_images/batch1/BOLIVAR_CORONAS_SENIORS_2.jpg,,,,
cuban,玻利瓦爾,BOLIVAR,皇家皇冠 Royal Coronas (25支),5900,,124,50,product_images/batch1/BOLIVAR_Royal_Coronas_1.jpg,product_images/batch1/BOLIVAR_Royal_Coronas_2.jpg,product_images/batch1/BOLIVAR_Royal_Coronas_3.jpg,,
cuban,玻利瓦爾,BOLIVAR,皇家皇冠铝管 Royal Coronas (10支),2800,,124,50,product_images/batch21/BOLIVAR_Royal_Coronas_1.jpg,product_images/batch21/BOLIVAR_Royal_Coronas_2.jpg,,,
cuban,玻利瓦爾,BOLIVAR,新金牌金手指 New Gold Medal (10枝),,,165,48,,,,,
cuban,玻利瓦爾,BOLIVAR,解放者 LCDH Libertadores LCDH (10枝),,,164,54,,,,,
cuban,玻利瓦爾,BOLIVAR,比利高魚雷 BELICOSOS FINOS (25枝),7800,,140,52,product_images/batch21/BOLIVAR_Belicosos_Finos_1.jpg,product_images/batch21/BOLIVAR_Belicosos_Finos_2.jpg,,,
cuban,多爾賽碼頭,QUAI DORSAY,帝國旅行保濕盒 Imperiales Travel Humidor (20枝),11800,,178,47,product_images/batch1/QUAI_DORSAY_Imperiales_1.jpg,product_images/batch1/QUAI_DORSAY_Imperiales_2.jpg,,,
cuban,多爾賽碼頭,QUAI DORSAY,50號 No.50 (10枝),2280,,110,50,product_images/batch1/QUAI_DORSAY_No50_1.jpg,product_images/batch1/QUAI_DORSAY_No50_2.jpg,product_images/batch1/QUAI_DORSAY_No50_3.jpg,product_images/batch1/QUAI_DORSAY_No50_4.jpg,product_images/batch1/QUAI_DORSAY_No50_5.jpg
cuban,多爾賽碼頭,QUAI DORSAY,50號 No.50 (25枝),5900,,110,50,product_images/batch21/Quai_Dorsay_No50_3.jpg,product_images/batch21/Quai_Dorsay_No50_4.jpg,product_images/batch21/Quai_Dorsay_No50_5.jpg,,
cuban,多爾賽碼頭,QUAI DORSAY,52號 No.52 (10枝),3600,,156,52,product_images/batch1/QUAI_DORSAY_No52_2.jpg,product_images/batch1/QUAI_DORSAY_No52_3.jpg,,,
cuban,多爾賽碼頭,QUAI DORSAY,52號 No.52 (25枝),7500,,156,52,product_images/batch21/Quai_Dorsay_No52_1.jpg,product_images/batch21/Quai_Dorsay_No52_2.jpg,product_images/batch21/Quai_Dorsay_No52_3.jpg,product_images/batch21/Quai_Dorsay_No52_4.jpg,
cuban,多爾賽碼頭,QUAI DORSAY,54號 No.54 (10枝),3200,,135,54,product_images/batch1/QUAI_DORSAY_No54_2.jpg,product_images/batch1/QUAI_DORSAY_No54_3.jpg,product_images/batch1/QUAI_DORSAY_No54_4.jpg,,
cuban,多爾賽碼頭,QUAI DORSAY,54號 No.54 (25枝),7200,,135,54,product_images/batch21/Quai_Dorsay_No54_1.jpg,product_images/batch21/Quai_Dorsay_No54_2.jpg,product_images/batch21/Quai_Dorsay_No54_3.jpg,product_images/batch21/Quai_Dorsay_No54_4.jpg,product_images/batch21/Quai_Dorsay_No54_5.jpg
cuban,多爾賽碼頭,QUAI DORSAY,克拉羅皇冠 Coronas Claro (25枝),5700,,142,42,product_images/batch1/QUAI_DORSAY_Coronas_Claro_2.jpg,product_images/batch1/QUAI_DORSAY_Coronas_Claro_3.jpg,,,
cuban,高希霸,COHIBA,迷你 Mini（100枝）,900,,82,20,product_images/batch2/COHIBA_Mini_1.jpg,product_images/batch2/COHIBA_Mini_2.jpg,product_images/batch2/COHIBA_Mini_3.jpg,,
cuban,高希霸,COHIBA,寬短號 WIDE SHORT（60枝）,2420,,100,32,product_images/batch2/COHIBA_SHORT_1.jpg,product_images/batch2/COHIBA_SHORT_2.jpg,product_images/batch2/COHIBA_SHORT_3.jpg,product_images/batch2/COHIBA_WIDE_SHORT_1.jpg,
cuban,高希霸,COHIBA,短號 SHORT (100枝),1680,,82,27,product_images/batch23/monte_short_1.jpg,product_images/batch23/monte_short_2.jpg,product_images/batch23/monte_short_3.jpg,,
cuban,高希霸,COHIBA,俱樂部 CLUB C/P (100枝),1500,,97,22,product_images/batch2/COHIBA_CLUB_1.jpg,,,,
cuban,高希霸,COHIBA,御守護身符首版 Talisman 2017LE (Batch 2017) (10枝),27000,,154,54,product_images/batch2/COHIBA_Talisman_2017_1.jpg,product_images/batch2/COHIBA_Talisman_2017_2.jpg,,,
cuban,高希霸,COHIBA,貝伊可52 BEHIKE 52 (10枝),22800,,119,52,product_images/batch2/COHIBA_BEHIKE_52_1.jpg,,,,
cuban,高希霸,COHIBA,貝伊可54 BEHIKE 54(10枝),26800,,144,54,product_images/batch2/COHIBA_BEHIKE_54_1.jpg,,,,
cuban,高希霸,COHIBA,貝伊可56 BEHIKE 56(10枝),36000,,166,56,product_images/batch2/COHIBA_BEHIKE_56_1.jpg,,,,
cuban,高希霸,COHIBA,羅伯圖鋁管 ROBUSTO A/T (15枝),11800,,124,50,product_images/batch2/COHIBA_ROBUSTO_AT_1.jpg,product_images/batch2/COHIBA_ROBUSTO_AT_2.jpg,,,
cuban,高希霸,COHIBA,羅伯圖鋁管 ROBUSTO A/T (3枝),2380,,124,50,,,,,
cuban,高希霸,COHIBA,羅伯圖 ROBUSTOS (25枝),17200,,124,50,product_images/batch2/COHIBA_ROBUSTOS_1.jpg,product_images/batch2/COHIBA_ROBUSTOS_2.jpg,,,
cuban,高希霸,COHIBA,馬杜羅5奥秘小天才 MADURO 5 SECRETOS (25枝),12800,,110,40,product_images/batch2/COHIBA_MADURO_5_SECRETOS_1.jpg,,,,
cuban,高希霸,COHIBA,大天才 GENIOS (10枝),11500,,140,52,product_images/batch2/COHIBA_GENIOS_1.jpg,product_images/batch2/COHIBA_GENIOS_2.jpg,product_images/batch2/COHIBA_GENIOS_3.jpg,product_images/batch2/COHIBA_GENIOS_4.jpg,
cuban,高希霸,COHIBA,大天才 GENIOS (25枝),27500,,140,52,,,,,
cuban,高希霸,COHIBA,半世紀鋁管 MEDIO SIGLO A/T (15枝),10500,,102,52,product_images/batch2/COHIBA_MEDIO_SIGLO_AT_1.jpg,product_images/batch2/COHIBA_MEDIO_SIGLO_AT_2.jpg,product_images/batch2/COHIBA_MEDIO_SIGLO_AT_3.jpg,product_images/batch2/COHIBA_Siglo_IV_1.jpg,product_images/batch2/COHIBA_Siglo_IV_2.jpg
cuban,高希霸,COHIBA,半世紀 MEDIO SIGLO (25枝),14800,,102,52,product_images/batch2/COHIBA_MEDIO_SIGLO_25_1.jpg,product_images/batch2/COHIBA_MEDIO_SIGLO_25_2.jpg,product_images/batch2/COHIBA_Siglo_I_25_1.jpg,,
cuban,高希霸,COHIBA,世紀1號 Siglo I (5枝),1600,,102,40,,,,,
cuban,高希霸,COHIBA,世紀1號 Siglo I (25枝)(18、19年老茄),7800,,102,40,,,,,
cuban,高希霸,COHIBA,世紀2號鋁管 Siglo II A/T(15枝),7080,,129,42,product_images/batch2/COHIBA_Siglo_II_AT_1.jpg,product_images/batch2/COHIBA_Siglo_II_AT_2.jpg,,,
cuban,高希霸,COHIBA,世紀2號 Siglo II (25枝),11800,,129,42,product_images/batch2/COHIBA_Siglo_II_25_1.jpg,,,,
cuban,高希霸,COHIBA,世紀2號紙盒 Siglo II (25枝),11800,,129,42,,,,,
cuban,高希霸,COHIBA,世紀3號 Siglo III (15枝),9380,,155,42,product_images/batch2/COHIBA_Siglo_III_1.jpg,product_images/batch2/COHIBA_Siglo_III_2.jpg,product_images/batch2/COHIBA_Siglo_III_3.jpg,,
cuban,高希霸,COHIBA,世紀3號 Siglo III (25枝),15500,,155,42,product_images/batch3/COHIBA_MEDIO_SIGLO_1.jpg,product_images/batch3/COHIBA_MEDIO_SIGLO_2.jpg,product_images/batch3/COHIBA_MEDIO_SIGLO_3.jpg,product_images/batch3/COHIBA_Siglo_III_1.jpg,product_images/batch3/COHIBA_Siglo_III_2.jpg
cuban,高希霸,COHIBA,世紀4號 Siglo IV (15枝),9800,,143,46,product_images/batch3/COHIBA_Siglo_IV_1.jpg,product_images/batch3/COHIBA_Siglo_IV_2.jpg,product_images/batch3/COHIBA_Siglo_IV_3.jpg,,
cuban,高希霸,COHIBA,世紀4號 Siglo IV (25枝),16500,,143,46,,,,,
cuban,高希霸,COHIBA,世紀5號 Siglo V (25枝),24300,,170,46,,,,,
cuban,高希霸,COHIBA,世紀6號鋁管 Siglo VI A/T (15枝),,,150,52,,,,,
cuban,高希霸,COHIBA,世紀6號 Siglo VI (10枝),11800,,150,52,,,,,
cuban,高希霸,COHIBA,世紀6號 Siglo VI (25枝),27800,,150,52,,,,,
cuban,高希霸,COHIBA,賓利 PANETELAS (25枝),6500,,115,26,,,,,
cuban,高希霸,COHIBA,吉士圖 EXQUISITOS (25枝),8900,,126,33,,,,,
cuban,高希霸,COHIBA,特級皇冠 Coronas Especiales (25枝),,,152,38,,,,,
cuban,高希霸,COHIBA,導師紙盒 Esplendidos (15枝),18800,,178,47,product_images/batch3/COHIBA_Esplendidos_1.jpg,product_images/batch3/COHIBA_Esplendidos_2.jpg,product_images/batch3/COHIBA_Esplendidos_3.jpg,,
cuban,高希霸,COHIBA,黃金歲月兔年限量版 SIGLO DE ORO YEAR OF THE RABBIT (18枝),28800,,115,54,product_images/batch3/COHIBA_SIGLO_DE_ORO_1.jpg,product_images/batch3/COHIBA_SIGLO_DE_ORO_2.jpg,,,
cuban,高希霸,COHIBA,55週年2021限量版 55 ANIVERSARIO 2021 LIMITED EDITION (10枝),35800,,150,57,product_images/batch3/COHIBA_55_ANIVERSARIO_1.jpg,product_images/batch3/COHIBA_55_ANIVERSARIO_2.jpg,product_images/batch3/COHIBA_55_ANIVERSARIO_3.jpg,,
cuban,高希霸,COHIBA,短號 2022蛇年 Short Year of the  2022LE (88枝),2600,,82,27,product_images/batch3/COHIBA_Short_Snake_1.jpg,product_images/batch3/COHIBA_Short_Snake_2.jpg,,,
cuban,高希霸,COHIBA,短號 2022虎年 Short Year of the Tiger 2022LE (88枝),2800,,82,27,product_images/batch3/COHIBA_Short_Tiger_1.jpg,,,,
cuban,高希霸,COHIBA,短號 2024龍年限量版 Short Year of the Dragon 2024 (88枝),2600,,82,27,product_images/batch3/COHIBA_Short_Dragon_1.jpg,,,,
cuban,高希霸,COHIBA,魔術師 Magicos (10枝),9600,,115,52,,,,,
cuban,高希霸,COHIBA,特級金字塔 Piramides Extra (10枝),13500,,160,54,product_images/batch3/COHIBA_Piramides_Extra_1.jpg,product_images/batch3/COHIBA_Piramides_Extra_2.jpg,product_images/batch3/COHIBA_Piramides_Extra_3.jpg,,
cuban,高希霸,COHIBA,長矛外交版 Lanceros VIP Gifts (25枝),23800,,190,38,,,,,
cuban,高希霸,COHIBA,Ambar高希霸安巴尔（琥珀）,11500,,132,53,,,,,
cuban,好友,HOYO,副手 Le Hoyo Du Depute (25枝),2800,,110,38,,,,,
cuban,好友,HOYO,聖胡安 SAN JUAN (10枝),3200,,150,54,product_images/batch22/Hoyo_San_Juan_1.jpg,,,,
cuban,好友,HOYO,聖胡安 SAN JUAN (25枝),7550,,150,54,product_images/batch22/Hoyo_San_Juan_2.jpg,,,,
cuban,好友,HOYO,雙皇冠 DOUBLE CORONAS (25枝),12500,,194,49,product_images/batch22/Hoyo_Double_Corona_1.jpg,product_images/batch22/Hoyo_Double_Corona_2.jpg,,,
cuban,好友,HOYO,雙皇冠 DOUBLE CORONAS (50枝),26000,,194,49,product_images/batch4/HOYO_DOUBLE_CORONAS_1.jpg,product_images/batch4/HOYO_DOUBLE_CORONAS_2.jpg,product_images/batch4/HOYO_DOUBLE_CORONAS_3.jpg,product_images/batch4/HOYO_DOUBLE_CORONAS_4.jpg,product_images/batch4/HOYO_DOUBLE_CORONAS_50_1.jpg
cuban,好友,HOYO,雙皇冠特級 GR 2013 DOUBLE CORONAS G.RESERVA (15枝),49960,,194,49,product_images/batch4/HOYO_GR_DOUBLE_CORONAS_1.jpg,product_images/batch4/HOYO_GR_DOUBLE_CORONAS_2.jpg,,,
cuban,好友,HOYO,豪華紀念版 SOUVENIR DE LUXE (50枝),,,129,42,,,,,
cuban,好友,HOYO,小羅伯圖 PETIT ROBUSTO (15枝),1950,,102,50,product_images/batch4/HOYO_PETIT_ROBUSTO_1.jpg,product_images/batch4/HOYO_PETIT_ROBUSTO_2.jpg,product_images/batch4/HOYO_PETIT_ROBUSTO_3.jpg,,
cuban,好友,HOYO,小羅伯圖 PETIT ROBUSTO (25枝),4820,,102,50,product_images/batch4/HOYO_PETIT_ROBUSTO_25_1.jpg,product_images/batch4/HOYO_PETIT_ROBUSTO_25_2.jpg,,,
cuban,好友,HOYO,優雅 Elegantes (10枝),2900,,158,47,product_images/batch4/HOYO_ELEGANTES_1.jpg,,,,
cuban,好友,HOYO,市長 MAIRE (25枝),1800,,99,30,product_images/batch4/HOYO_MAIRE_1.jpg,,,,
cuban,好友,HOYO,德里約賽科 RIO SECO (10枝),3200,,140,56,product_images/batch4/HOYO_RIO_SECO_1.jpg,,,,
cuban,好友,HOYO,德里約賽科 RIO SECO (25枝),7500,,140,56,product_images/batch22/Hoyo_Rio_Seco_1.jpg,,,,
cuban,好友,HOYO,帕爾馬斯 PALMAS EXTRA (25枝),3000,,140,40,product_images/batch5/HOYO_Palmas_Extra_1.jpg,product_images/batch5/HOYO_Palmas_Extra_2.jpg,,,
cuban,好友,HOYO,消遙1號鋁管 EPICURE NO.1 (15枝),3500,,143,46,product_images/batch22/Hoyo_Epicure_No1_1.jpg,,,,
cuban,好友,HOYO,消遙1號 EPICURE NO.1 (25枝),5600,,143,46,product_images/batch22/Hoyo_Epicure_No1_2.jpg,,,,
cuban,好友,HOYO,消遙2號 EPICURE NO.2 (15枝),4200,,124,50,product_images/batch4/HOYO_EPICURE_NO2_1.jpg,product_images/batch4/HOYO_EPICURE_NO2_15_1.jpg,product_images/batch4/HOYO_EPICURE_NO2_2.jpg,product_images/batch4/HOYO_EPICURE_NO2_3.jpg,product_images/batch4/HOYO_EPICURE_NO2_JAR_1.jpg
cuban,好友,HOYO,消遙2號 EPICURE NO.2 (25枝),6200,,124,50,product_images/batch4/HOYO_EPICURE_NO2_25_1.jpg,,,,
cuban,好友,HOYO,消遙2號 EPICURE NO.2 (50枝),13800,,124,50,product_images/batch4/HOYO_EPICURE_NO2_50_1.jpg,,,,
cuban,好友,HOYO,消遙2號(瓷罐) EPICURE NO.2 (19枝),6800,,134,51,product_images/batch22/Hoyo_Epicure_No2_1.jpg,product_images/batch22/Hoyo_Epicure_No2_2.jpg,,,
cuban,好友,HOYO,消遙3號 EPICURE NO.3 (10枝),2700,,125,54,product_images/batch4/HOYO_EPICURE_NO3_1.jpg,product_images/batch4/HOYO_EPICURE_NO3_2.jpg,product_images/batch4/HOYO_EPICURE_NO3_3.jpg,,
cuban,好友,HOYO,消遙3號 EPICURE NO.3 (25枝),6500,,125,54,product_images/batch4/HOYO_EPICURE_NO3_25_1.jpg,,,,
cuban,好友,HOYO,蒙特雷斯4號2021限量版 Monterreyes No.4 2021LE (10枝),7200,,145,55,product_images/batch4/HOYO_MONTERREYES_NO4_1.jpg,,,,
cuban,好友,HOYO,特級消遙 EPICURE ESPECIAL (10枝),3300,,140,50,product_images/batch4/HOYO_EPICURE_ESPECIAL_1.jpg,product_images/batch4/HOYO_EPICURE_ESPECIAL_2.jpg,product_images/batch4/HOYO_EPICURE_ESPECIAL_3.jpg,,
cuban,好友,HOYO,特級消遙 EPICURE ESPECIAL (15枝),4700,,140,50,product_images/batch4/HOYO_EPICURE_ESPECIAL_15_1.jpg,,,,
cuban,好友,HOYO,特級消遙 EPICURE ESPECIAL (25枝),6500,,140,50,product_images/batch4/HOYO_EPICURE_ESPECIAL_25_1.jpg,,,,
cuban,好友,HOYO,奢華美食家 Epicure de Luxe (10枝),2800,,115,52,product_images/batch4/HOYO_EPICURE_DE_LUXE_1.jpg,product_images/batch4/HOYO_EPICURE_DE_LUXE_2.jpg,,,
cuban,好友,HOYO,加冕 Coronations（25枝）,3800,,129,42,product_images/batch5/HOYO_Coronations_1.jpg,product_images/batch5/HOYO_Epicure_de_Luxe_1.jpg,product_images/batch5/HOYO_Epicure_de_Luxe_2.jpg,,
cuban,好友,HOYO,帕爾馬斯 PALMAS EXTRA (25枝),3000,,140,40,product_images/batch5/HOYO_Palmas_Extra_1.jpg,product_images/batch5/HOYO_Palmas_Extra_2.jpg,,,
cuban,好友,HOYO,目的地終點保濕盒 Destinos Travel Humidor (20枝),12800,,145,49,product_images/batch5/HOYO_Destinos_1.jpg,product_images/batch5/HOYO_Destinos_2.jpg,,,
cuban,羅伯圖精選,COMBINACIONES,羅伯圖精選雪茄禮盒 SELECCION ROBUSTOS (6枝),2600,,124,50,product_images/batch5/COMBINACIONES_ROBUSTOS_1.jpg,,,,
cuban,羅伯圖精選,COMBINACIONES,小羅伯圖精選雪茄禮盒 SELECCION PETIT ROBUSTOS (10枝),3200,,102,50,,,,,
cuban,羅伯圖精選,COMBINACIONES,魚雷精選雪茄禮盒 SELECCION PIRAMIDES (6枝),3200,,156,52,product_images/batch5/COMBINACIONES_PIRAMIDES_1.jpg,,,,
cuban,羅密歐,ROMEO,彪力高魚雷 BELICOSOS (25枝),6000,,140,52,product_images/batch5/ROMEO_BELICOSOS_1.jpg,product_images/batch5/ROMEO_BELICOSOS_2.jpg,product_images/batch5/ROMEO_BELICOSOS_3.jpg,,
cuban,羅密歐,ROMEO,寬丘吉爾限量保濕盒 Wide Churchill Travel Humidor (20枝),12500,,130,55,,,,,
cuban,羅密歐,ROMEO,寬丘吉爾 Wide Churchill (10枝),3300,,130,55,product_images/batch22/Romeo_Wide_Churchill_1.jpg,,,,
cuban,羅密歐,ROMEO,寬丘吉爾 Wide Churchill (15枝),,,130,55,,,,,
cuban,羅密歐,ROMEO,寬丘吉爾 Wide Churchill (25枝),7800,,130,55,product_images/batch5/ROMEO_Petit_Churchill_1.jpg,product_images/batch5/ROMEO_Petit_Churchill_2.jpg,product_images/batch5/ROMEO_Petit_Churchill_3.jpg,product_images/batch5/ROMEO_Short_Churchill_1.jpg,product_images/batch5/ROMEO_Wide_Churchill_1.jpg
cuban,羅密歐,ROMEO,短丘吉爾 SHORT CHURCHILLS (10枝),2800,,124,50,product_images/batch6/ROMEO_Short_Churchills_1.jpg,product_images/batch6/ROMEO_Short_Churchills_2.jpg,product_images/batch6/ROMEO_Churchills_119_1.jpg,product_images/batch6/ROMEO_Churchills_120_1.jpg,product_images/batch6/ROMEO_Wide_Churchill_1.jpg
cuban,羅密歐,ROMEO,短丘吉爾 SHORT CHURCHILLS (15枝),3900,,124,50,product_images/batch6/ROMEO_Wide_Churchill_2.jpg,product_images/batch5/ROMEO_Wide_Churchill_3.jpg,,,
cuban,羅密歐,ROMEO,短丘吉爾 SHORT CHURCHILLS (25枝),6000,,124,50,product_images/batch22/Romeo_Short_Churchills_1.jpg,,,,
cuban,羅密歐,ROMEO,小丘吉爾鋁管 PETIT CHURCHILLS (15枝),2800,,102,50,product_images/batch22/Romeo_Petit_Churchills_1.jpg,,,,
cuban,羅密歐,ROMEO,小丘吉爾 PETIT CHURCHILLS (25枝),4800,,102,50,product_images/batch22/Romeo_Petit_Churchills_1.jpg,,,,
cuban,羅密歐,ROMEO,長丘吉爾鋁管 Churchills A/T (3枝),1250,,178,47,product_images/batch22/Romeo_Churchills_AT_1.jpg,,,,
cuban,羅密歐,ROMEO,長丘吉爾鋁管 Churchills A/T (10枝),4200,,178,47,product_images/batch22/Romeo_Churchills_AT_1.jpg,,,,
cuban,羅密歐,ROMEO,長丘吉爾鋁管 Churchills A/T (25枝),10500,,178,47,product_images/batch22/Romeo_Churchills_AT_1.jpg,,,,
cuban,羅密歐,ROMEO,妙麗 MILLIE FLEURS(10枝),1150,,129,42,product_images/batch5/ROMEO_Mille_Fleurs_1.jpg,,,,
cuban,羅密歐,ROMEO,妙麗 MILLIE FLEURS(25枝),2600,,129,42,product_images/batch6/ROMEO_Millie_Fleurs_121_1.jpg,product_images/batch6/ROMEO_Millie_Fleurs_122_1.jpg,,,
cuban,羅密歐,ROMEO,小高朗拿皇冠 Petit Coronas(25枝),2600,,129,42,product_images/batch5/ROMEO_Petit_Coronas_1.jpg,product_images/batch5/ROMEO_Petit_Coronas_2.jpg,product_images/batch5/ROMEO_Petit_Coronas_3.jpg,,
cuban,羅密歐,ROMEO,紳士 LINEA ORO HIDALGOS (20枝),8900,,125,57,product_images/batch5/ROMEO_Linea_Oro_Hidalgos_1.jpg,product_images/batch5/ROMEO_Linea_Oro_Hidalgos_2.jpg,,,
cuban,羅密歐,ROMEO,黃金系列戴安娜目標 LINEA ORO DIANAS (20枝),9900,,145,52,product_images/batch6/ROMEO_Churchills_112_1.jpg,product_images/batch6/ROMEO_Churchills_114_1.jpg,product_images/batch6/ROMEO_Churchills_115_1.jpg,product_images/batch6/ROMEO_Churchills_117_1.jpg,product_images/batch6/ROMEO_Churchills_118_1.jpg
cuban,羅密歐,ROMEO,金線貴族 LINEA DE ORO NOBLES (20枝),8900,,135,56,product_images/batch6/ROMEO_LINEA_DE_ORO_NOBLES_1.jpg,product_images/batch6/ROMEO_LINEA_DE_ORO_NOBLES_2.jpg,,,
cuban,羅密歐,ROMEO,丘比特 Cupidos (20枝),8900,,148,55,product_images/batch6/ROMEO_Cupidos_127_1.jpg,,,,
cuban,羅密歐,ROMEO,展覽4號 EXHIBICION NO. 4 (25枝),4750,,127,48,product_images/batch6/ROMEO_Exhibicion_No_4_128_1.jpg,,,,
cuban,羅密歐,ROMEO,小高朗拿小皇冠 Petit Coronas (25枝),2600,,129,42,product_images/batch6/ROMEO_Petit_Churchills_1.jpg,product_images/batch6/ROMEO_Petit_Churchills_2.jpg,product_images/batch6/ROMEO_Petit_Coronas_123_1.jpg,product_images/batch6/ROMEO_Petit_Coronas_129_1.jpg,
cuban,羅密歐,ROMEO,小皇族 Petit Royales (25枝),3300,,95,47,product_images/batch6/ROMEO_Petit_Royales_130_1.jpg,,,,
cuban,羅密歐,ROMEO,小朱麗葉 Petit Julieta (25枝),1800,,100,30,product_images/batch6/ROMEO_Petit_Julieta_131_1.jpg,,,,
cuban,羅密歐,ROMEO,貝偉達 BELVEDERES (25枝),2200,,125,39,product_images/batch6/ROMEO_Belvederes_132_1.jpg,,,,
cuban,羅密歐,ROMEO,特權倫敦 REGALIAS DE LONDRES (25枝),2200,,117,40,product_images/batch22/Romeo_Regalias_de_Londres_1.jpg,,,,
cuban,羅密歐,ROMEO,獵人 Cazadores (25枝),4500,,162,44,product_images/batch22/Romeo_Cazadores_1.jpg,,,,
cuban,羅密歐,ROMEO,運動員 SPORTS LARGOS (25枝),2200,,117,35,product_images/batch22/Romeo_Sports_Largos_1.jpg,,,,
cuban,羅密歐,ROMEO,國王俱樂部鐵罐 Club Kings (50枝),,,129,42,,,,,
cuban,羅密歐,ROMEO,1號鋁管 No.1 AT (10枝),1700,,140,40,product_images/batch22/Romeo_No1_AT_1.jpg,,,,
cuban,羅密歐,ROMEO,1號鋁管 No.1 AT (15枝),2580,,140,40,product_images/batch22/Romeo_No1_AT_1.jpg,,,,
cuban,羅密歐,ROMEO,1號鋁管 No.1 AT (25枝),3950,,140,40,product_images/batch22/Romeo_No1_AT_1.jpg,,,,
cuban,羅密歐,ROMEO,2號鋁管 No.2 AT (10枝),1550,,129,42,product_images/batch22/Romeo_No2_AT_1.jpg,,,,
cuban,羅密歐,ROMEO,2號鋁管 No.2 AT (15枝),2380,,129,42,product_images/batch23/ryj_no2_at_1.jpg,product_images/batch23/ryj_no2_at_2.jpg,,,
cuban,羅密歐,ROMEO,2號鋁管 No.2 AT (25枝),3580,,129,42,product_images/batch23/ryj_no2_at_1.jpg,product_images/batch23/ryj_no2_at_2.jpg,,,
cuban,羅密歐,ROMEO,2號鋁管 No.2 AT (50枝),6900,,129,42,product_images/batch23/ryj_no2_at_1.jpg,product_images/batch23/ryj_no2_at_2.jpg,,,
cuban,羅密歐,ROMEO,3號鋁管 No.3 AT (10枝),1380,,117,40,product_images/batch7/RomeoJulieta_Cedros_No3_Box.jpg,,,,
cuban,羅密歐,ROMEO,3號鋁管 No.3 AT (15枝),2180,,117,40,product_images/batch23/ryj_no3_at_1.jpg,product_images/batch23/ryj_no3_at_2.jpg,,,
cuban,羅密歐,ROMEO,3號鋁管 No.3 AT (25枝),3280,,117,40,product_images/batch23/ryj_no3_at_1.jpg,product_images/batch23/ryj_no3_at_2.jpg,,,
cuban,羅密歐,ROMEO,雪松2號 CEDROS DE LUXE NO. 2 (25枝),5500,,142,42,product_images/batch23/ryj_cedros2_1.jpg,product_images/batch23/ryj_cedros2_2.jpg,,,
cuban,羅密歐,ROMEO,雪松3號 CEDROS DE LUXE NO. 3 (25枝),3200,,129,42,product_images/batch7/RomeoJulieta_Cedros_Box_1.jpg,product_images/batch7/RomeoJulieta_Cedros_Luxe_1.jpg,product_images/batch7/RomeoJulieta_Cedros_No2_1.jpg,product_images/batch7/RomeoJulieta_Cedros_No3_1.jpg,product_images/batch7/RomeoJulieta_Cedros_No3_2.jpg
cuban,羅密歐,ROMEO,雪松小皇冠 CORONITAS EN CEDRO (25枝),2600,,129,40,product_images/batch7/RomeoJulieta_Coronitas_Cedro_1.jpg,product_images/batch7/RomeoJulieta_Coronitas_Cedro_2.jpg,product_images/batch7/RomeoJulieta_Coronitas_Cedro_3.jpg,,
cuban,羅密歐,ROMEO,雪松奢華 CEDROS DE LUXE (10枝),3600,,141,50,product_images/batch23/ryj_cedros_1.jpg,product_images/batch23/ryj_cedros_2.jpg,,,
cuban,蒙特,MONTECRISTO,2025年限 Elba Edición Limitada2025（5支）,6980,,146,54,product_images/batch23/monte_elba_1.jpg,product_images/batch23/monte_elba_2.jpg,product_images/batch23/monte_elba_3.jpg,,
cuban,蒙特,MONTECRISTO,短號 SHORT (100枝),1380,,82,27,product_images/batch23/monte_short_1.jpg,product_images/batch23/monte_short_2.jpg,product_images/batch23/monte_short_3.jpg,,
cuban,蒙特,MONTECRISTO,蒙特A Montecristo A (5枝),8200,,235,47,product_images/batch7/MONTECRISTO_A_1.jpg,product_images/batch7/MONTECRISTO_Double_Edmundo_2.jpg,product_images/batch7/MONTECRISTO_Double_Edmundo_3.jpg,product_images/batch7/MONTECRISTO_Edmundo_2.jpg,product_images/batch7/MONTECRISTO_Elba_2025_1.jpg
cuban,蒙特,MONTECRISTO,1號 No.1 (25枝),5600,,165,42,product_images/batch23/monte_no1_1.jpg,product_images/batch23/monte_no1_2.jpg,,,
cuban,蒙特,MONTECRISTO,小2號 PETIT No.2  (10枝),,,120,52,,,,,
cuban,蒙特,MONTECRISTO,小2號 PETIT No.2  (25枝),5980,,120,52,product_images/batch7/MONTECRISTO_Petit_No2_2.jpg,,,,
cuban,蒙特,MONTECRISTO,2號 No.2 (10枝),3000,,156,52,product_images/batch7/MONTECRISTO_No2_2.jpg,product_images/batch9/MONTECRISTO_Petit_Tubos_2.jpg,product_images/batch9/MONTECRISTO_Petit_Tubos_3.jpg,product_images/batch9/MONTECRISTO_Petit_Tubos_1.jpg,
cuban,蒙特,MONTECRISTO,2號 No.2 (15枝),4500,,156,52,product_images/batch23/monte_no2_1.jpg,product_images/batch23/monte_no2_2.jpg,,,
cuban,蒙特,MONTECRISTO,2號 No.2 (25枝),7800,,156,52,product_images/batch23/monte_no2_1.jpg,product_images/batch23/monte_no2_2.jpg,,,
cuban,蒙特,MONTECRISTO,3號 No.3 (25枝),4250,,142,42,product_images/batch7/MONTECRISTO_No3_1.jpg,,,,
cuban,蒙特,MONTECRISTO,4號 No.4 (10枝),1680,,129,42,product_images/batch7/MONTECRISTO_No4_1.jpg,,,,
cuban,蒙特,MONTECRISTO,4號 No.4 (15枝),2250,,129,42,product_images/batch23/monte_no4_1.jpg,product_images/batch23/monte_no4_2.jpg,,,
cuban,蒙特,MONTECRISTO,4號 No.4 紙盒 (25枝),3800,,129,42,product_images/batch23/monte_no4_1.jpg,product_images/batch23/monte_no4_2.jpg,,,
cuban,蒙特,MONTECRISTO,4號 No.4 (25枝),3800,,129,42,product_images/batch23/monte_no4_1.jpg,product_images/batch23/monte_no4_2.jpg,,,
cuban,蒙特,MONTECRISTO,5號 No.5 (10枝),1600,,102,40,product_images/batch7/MONTECRISTO_No5_1.jpg,,,,
cuban,蒙特,MONTECRISTO,5號 No.5 (25枝),2800,,102,40,product_images/batch23/monte_no5_1.jpg,product_images/batch23/monte_no5_2.jpg,,,
cuban,蒙特,MONTECRISTO,特級2號 ESPECIAL NO.2 (25枝),5500,,152,38,product_images/batch7/MONTECRISTO_Especial_No2_2.jpg,,,,
cuban,蒙特,MONTECRISTO,艾蒙多大艾 EDMUNDO (15枝),4200,,135,52,product_images/batch9/MONTECRISTO_Wide_Edmundo_1.jpg,product_images/batch9/MONTECRISTO_Wide_Edmundo_2.jpg,,,
cuban,蒙特,MONTECRISTO,艾蒙多大艾 EDMUNDO (25枝),7380,,135,52,product_images/batch23/monte_edmundo_1.jpg,product_images/batch23/monte_edmundo_2.jpg,product_images/batch23/monte_edmundo_3.jpg,,
cuban,蒙特,MONTECRISTO,小艾蒙多 PETIT EDMUNDO (10枝),2400,,110,52,product_images/batch7/MONTECRISTO_Petit_Edmundo_1.jpg,,,,
cuban,蒙特,MONTECRISTO,小艾蒙多 PETIT EDMUNDO (15枝),3650,,110,52,product_images/batch8/MONTECRISTO_Petit_Edmundo_1.jpg,,,,
cuban,蒙特,MONTECRISTO,小艾蒙多 PETIT EDMUNDO (25枝),5980,,110,52,product_images/batch23/monte_petit_edmundo_1.jpg,product_images/batch23/monte_petit_edmundo_2.jpg,product_images/batch23/monte_petit_edmundo_3.jpg,,
cuban,蒙特,MONTECRISTO,雙艾蒙多 DOUBLE EDMUNDO (10枝),3580,,155,50,product_images/batch8/MONTECRISTO_Double_Edmundo_1.jpg,product_images/batch8/MONTECRISTO_Double_Edmundo_2.jpg,product_images/batch8/MONTECRISTO_Double_Edmundo_3.jpg,,
cuban,蒙特,MONTECRISTO,雙艾蒙多 DOUBLE EDMUNDO (15枝),4600,,155,50,product_images/batch23/monte_double_edmundo_1.jpg,product_images/batch23/monte_double_edmundo_2.jpg,product_images/batch23/monte_double_edmundo_3.jpg,,
cuban,蒙特,MONTECRISTO,雙艾蒙多 DOUBLE EDMUNDO (25枝),8250,,155,50,product_images/batch23/monte_double_edmundo_1.jpg,product_images/batch23/monte_double_edmundo_2.jpg,product_images/batch23/monte_double_edmundo_3.jpg,,
cuban,蒙特,MONTECRISTO,寬艾蒙多 WIDE EDMUNDO (10枝),3100,,125,54,product_images/batch8/MONTECRISTO_Wide_Edmundo_1.jpg,,,,
cuban,蒙特,MONTECRISTO,寬艾蒙多 WIDE EDMUNDO (25枝),7650,,125,54,product_images/batch23/monte_wide_edmundo_1.jpg,product_images/batch23/monte_wide_edmundo_2.jpg,product_images/batch23/monte_wide_edmundo_3.jpg,,
cuban,蒙特,MONTECRISTO,小鋁管 Petit Tubos (15枝),3250,,129,42,product_images/batch8/MONTECRISTO_Petit_Tubos_1.jpg,product_images/batch8/MONTECRISTO_Petit_Tubos_2.jpg,product_images/batch8/MONTECRISTO_Petit_Tubos_3.jpg,,
cuban,蒙特,MONTECRISTO,1935 大仲馬 DUMAS LINEA 1935 (20枝),10800,,130,49,product_images/batch8/MONTECRISTO_Linea_1935_Dumas_1.jpg,product_images/batch8/MONTECRISTO_Linea_1935_Dumas_2.jpg,product_images/batch8/MONTECRISTO_Linea_1935_Dumas_3.jpg,,
cuban,蒙特,MONTECRISTO,1935 馬耳他  MALTES LINEA 1935 (20枝),12800,,153,53,product_images/batch8/MONTECRISTO_Linea_1935_Maltes_1.jpg,product_images/batch8/MONTECRISTO_Linea_1935_Maltes_2.jpg,product_images/batch8/MONTECRISTO_Linea_1935_Maltes_3.jpg,,
cuban,蒙特,MONTECRISTO,1935 傳說 LEYENDA LINEA 1935 (20枝),13800,,165,55,product_images/batch8/MONTECRISTO_Linea_1935_Leyenda_1.jpg,product_images/batch8/MONTECRISTO_Linea_1935_Leyenda_2.jpg,product_images/batch8/MONTECRISTO_Linea_1935_Leyenda_3.jpg,,
cuban,蒙特,MONTECRISTO,特級長矛 Especial (25枝),9800,,192,38,product_images/batch8/MONTECRISTO_Especial_1.jpg,product_images/batch8/MONTECRISTO_Especial_2.jpg,product_images/batch8/MONTECRISTO_Especial_3.jpg,,
cuban,蒙特,MONTECRISTO,大師(鋁管) Master (15枝),4400,,124,50,product_images/batch8/MONTECRISTO_Master_1.jpg,product_images/batch8/MONTECRISTO_Master_2.jpg,product_images/batch8/MONTECRISTO_Master_3.jpg,,
cuban,蒙特,MONTECRISTO,公開賽系列大師 Master (20枝),4980,,124,50,product_images/batch9/MONTECRISTO_Master_1.jpg,product_images/batch9/MONTECRISTO_Master_3.jpg,product_images/batch9/MONTECRISTO_Master_2.jpg,,
cuban,蒙特,MONTECRISTO,公開賽系列賽帆比賽 Regata (15枝),,,135,46,,,,,
cuban,蒙特,MONTECRISTO,公開賽系列賽帆比賽 Regata (20枝),4200,,135,46,product_images/batch9/MONTECRISTO_Open_Regata_2.jpg,product_images/batch9/MONTECRISTO_Open_Regata_1.jpg,,,
cuban,蒙特,MONTECRISTO,寶石珍品 JOYITAS (25枝),1980,,115,26,product_images/batch8/MONTECRISTO_Joyitas_1.jpg,product_images/batch8/MONTECRISTO_Joyitas_2.jpg,product_images/batch8/MONTECRISTO_Joyitas_3.jpg,,
cuban,蒙特,MONTECRISTO,公開賽系列老鷹 OPEN EAGLE (15枝),,,150,54,,,,,
cuban,蒙特,MONTECRISTO,公開賽系列老鷹 OPEN EAGLE (20枝),6800,,150,54,product_images/batch8/MONTECRISTO_Open_Eagle_1.jpg,product_images/batch8/MONTECRISTO_Open_Eagle_2.jpg,product_images/batch8/MONTECRISTO_Open_Eagle_3.jpg,,
cuban,蒙特,MONTECRISTO,公開賽系列滿貫 Open Slam (20枝),7200,,142,52,product_images/batch9/MONTECRISTO_Open_Eagle_2.jpg,product_images/batch9/MONTECRISTO_Open_Eagle_1.jpg,product_images/batch9/MONTECRISTO_Open_Slam_1.jpg,product_images/batch9/MONTECRISTO_Open_Junior_1.jpg,product_images/batch9/MONTECRISTO_Open_Junior_3.jpg
cuban,蒙特,MONTECRISTO,兔年短號限量版保濕盒 SHORT YEAR OF THE RABBIT BOX(66枝),2800,,82,27,product_images/batch9/MONTECRISTO_Short_Rabbit_2.jpg,product_images/batch9/MONTECRISTO_Short_Rabbit_1.jpg,product_images/batch7/MONTECRISTO_SHORT_1.jpg,product_images/batch9/MONTECRISTO_Open_Junior_2.jpg,
cuban,蒙特,MONTECRISTO,公開賽系列少年 OPEN JUNIOR (15枝),,,110,38,,,,,
cuban,蒙特,MONTECRISTO,公開賽系列少年 OPEN JUNIOR (20枝),2780,,110,38,product_images/batch8/MONTECRISTO_Open_Junior_1.jpg,product_images/batch8/MONTECRISTO_Open_Junior_2.jpg,product_images/batch8/MONTECRISTO_Open_Junior_3.jpg,,
cuban,蒙特,MONTECRISTO,公開賽系列少年 OPEN JUNIOR(2010年老茄) (20枝),2600,,110,38,product_images/batch23/monte_open_junior_1.jpg,product_images/batch23/monte_open_junior_2.jpg,,,
cuban,蒙特,MONTECRISTO,半皇冠 MEDIA CORONA (25枝),2600,,90,44,product_images/batch12/H_Upmann_Coronas_Major_1.jpg,product_images/batch12/H_Upmann_Half_Corona_1.jpg,,,
cuban,帕特加斯,PARTAGAS,俱樂部2020限量版 2020 CLUB LTD EDT TIN BOX (100枝),,,96,22,,,,,
cuban,帕特加斯,PARTAGAS,俱樂部2020限量版 2020 CLUB LTD EDT TIN BOX (20枝),,,96,22,,,,,
cuban,帕特加斯,PARTAGAS,路西塔尼亞 Lusitanias (10枝),5000,,194,49,product_images/batch23/partagas_lusitanias_1.jpg,product_images/batch23/partagas_lusitanias_2.jpg,,,
cuban,帕特加斯,PARTAGAS,路西塔尼亞 Lusitanias (25枝),,,194,49,,,,,
cuban,帕特加斯,PARTAGAS,路西塔尼亞 Lusitanias (50枝),,,194,49,,,,,
cuban,帕特加斯,PARTAGAS,大師伴手禮 Linea Maestra Selection (3枝),3800,,,,product_images/batch24/Partagas_Linea_Maestra_Selection_1.jpg,,,,
cuban,帕特加斯,PARTAGAS,大師系列大師 Linea Maestra Maestro (20枝),11500,,132,56,product_images/batch24/Partagas_Linea_Maestra_Maestro_1.jpg,,,,
cuban,帕特加斯,PARTAGAS,大師係列 起源Origen（20枝）,10500,,154,46,product_images/batch24/Partagas_Linea_Maestra_Origen_1.jpg,,,,
cuban,帕特加斯,PARTAGAS,大師係列 儀式（20）枝,12800,,168,46,product_images/batch24/Partagas_Linea_Maestra_Ritual_1.jpg,,,,
cuban,帕特加斯,PARTAGAS,列加多2020限量版 Legados 2020 (25枝),19800,,115,48,product_images/batch24/Partagas_Legados_2020_1.jpg,product_images/batch24/Partagas_Legados_2020_2.jpg,product_images/batch24/Partagas_Legados_2020_3.jpg,,
cuban,帕特加斯,PARTAGAS,盤蛇 Culebras(9枝),2800,,146,39,product_images/batch24/Partagas_Culebras_1.jpg,product_images/batch24/Partagas_Culebras_2.jpg,product_images/batch24/Partagas_Culebras_3.jpg,,
cuban,帕特加斯,PARTAGAS,妙麗 Millie Fleurs(10枝),1180,,129,43,product_images/batch24/Partagas_Mille_Fleurs_1.jpg,product_images/batch24/Partagas_Mille_Fleurs_2.jpg,product_images/batch24/Partagas_Mille_Fleurs_3.jpg,,
cuban,帕特加斯,PARTAGAS,妙麗 Millie Fleurs(25枝),2600,,129,43,product_images/batch24/Partagas_Mille_Fleurs_1.jpg,product_images/batch24/Partagas_Mille_Fleurs_2.jpg,product_images/batch24/Partagas_Mille_Fleurs_3.jpg,,
cuban,帕特加斯,PARTAGAS,D4 Serie D No.4 (10枝),2700,,124,50,,,,,
cuban,帕特加斯,PARTAGAS,D4 Serie D No.4 (15枝),4080,,124,50,,,,,
cuban,帕特加斯,PARTAGAS,D4 Serie D No.4 (25枝),6180,,124,50,,,,,
cuban,帕特加斯,PARTAGAS,D5 Serie D No.5 (10枝),2250,,110,50,,,,,
cuban,帕特加斯,PARTAGAS,D5 Serie D No.5 (25枝),5400,,110,50,,,,,
cuban,帕特加斯,PARTAGAS,D6 Serie D No.6 (20枝),3400,,90,50,,,,,
cuban,帕特加斯,PARTAGAS,E2(铝管) Serie E No. 2 (15枝),5980,,140,54,,,,,
cuban,帕特加斯,PARTAGAS,E2 Serie E No. 2 (25枝),7800,,140,54,,,,,
cuban,帕特加斯,PARTAGAS,P2 Serie P No.2 (10枝),3000,,156,52,,,,,
cuban,帕特加斯,PARTAGAS,P2 Serie P No.2 (25枝),7400,,156,52,,,,,
cuban,帕特加斯,PARTAGAS,貴族 ARISTOCRATS (25枝),2500,,129,40,product_images/batch24/Partagas_Aristocrats_1.jpg,product_images/batch24/Partagas_Aristocrats_2.jpg,product_images/batch24/Partagas_Aristocrats_3.jpg,,
cuban,帕特加斯,PARTAGAS,短帕 SHORT (25枝),2700,,110,42,product_images/batch24/Partagas_Short_1.jpg,product_images/batch24/Partagas_Short_2.jpg,product_images/batch24/Partagas_Short_3.jpg,,
cuban,帕特加斯,PARTAGAS,短帕 SHORT (50枝),5350,,110,42,product_images/batch24/Partagas_Short_1.jpg,product_images/batch24/Partagas_Short_2.jpg,product_images/batch24/Partagas_Short_3.jpg,,
cuban,帕特加斯,PARTAGAS,超級帕特加斯 SUPER PARTAGAS (25枝),2980,,140,40,product_images/batch10/Partagas_Legados_1.jpg,product_images/batch10/Partagas_Legados_2.jpg,product_images/batch10/Partagas_SuperPartagas_1.jpg,product_images/batch10/Partagas_SuperPartagas_2.jpg,product_images/batch10/Partagas_SuperPartagas_3.jpg
cuban,帕特加斯,PARTAGAS,特級小皇冠 PETIT CORONAS ESPECIALES (25枝),2400,,132,42,product_images/batch10/Partagas_PetitCoronasEspeciales_1.jpg,product_images/batch10/Partagas_PetitCoronasEspeciales_2.jpg,,,
cuban,帕特加斯,PARTAGAS,哈瓦那 HABANEROS (25枝),2600,,125,39,product_images/batch10/Partagas_Habaneros_1.jpg,product_images/batch10/Partagas_Habaneros_2.jpg,,,
cuban,帕特加斯,PARTAGAS,聯盟LCDH Aliados LCDH (20枝),11500,,167,45,product_images/batch10/Partagas_AliadosLCDH_1.jpg,product_images/batch10/Partagas_AliadosLCDH_2.jpg,,,
cuban,帕特加斯,PARTAGAS,馬杜羅1號 MADURO NO.1 (25枝),6800,,130,52,product_images/batch10/Partagas_MaduroNo1_1.jpg,,,,
cuban,帕特加斯,PARTAGAS,馬杜羅2號 MADURO NO.2 (25枝),7000,,120,55,product_images/batch24/Partagas_Maduro_No2_1.jpg,product_images/batch24/Partagas_Maduro_No2_2.jpg,product_images/batch24/Partagas_Maduro_No2_3.jpg,,
cuban,帕特加斯,PARTAGAS,馬杜羅3號 MADURO NO.3 (25枝),7800,,145,50,product_images/batch25/Partagas_Maduro_No3_1.jpg,product_images/batch25/Partagas_Maduro_No3_2.jpg,product_images/batch25/Partagas_Maduro_No3_3.jpg,,
cuban,帕特加斯,PARTAGAS,所羅門 SALOMONES (10枝),6000,,184,57,product_images/batch10/Partagas_Salomones_1.jpg,product_images/batch10/Partagas_Salomones_2.jpg,,,
cuban,帕特加斯,PARTAGAS,遺產保濕盒 Legados Edicion Limitada 2020 (25枝),19800,,157,48,product_images/batch25/Partagas_Legados_EL2020_1.jpg,product_images/batch25/Partagas_Legados_EL2020_2.jpg,product_images/batch25/Partagas_Legados_EL2020_3.jpg,,
cuban,帕特加斯,PARTAGAS,大師精選系列 Linea Maestra Selection (3枝),3300,,,,product_images/batch10/Partagas_LineaMaestra_1.jpg,product_images/batch10/Partagas_LineaMaestra_2.jpg,,,
cuban,帕特加斯,PARTAGAS,總統 Presidentes (25枝),6000,,158,47,product_images/batch10/Partagas_Presidentes_1.jpg,,,,
cuban,千里達,TRINIDAD,翡翠 Esmeralda(12枝),8800,,145,53,product_images/batch10/Trinidad_Esmeralda_1.jpg,,,,
cuban,千里達,TRINIDAD,半月 MEDIA LUNA(12枝),4600,,115,50,product_images/batch10/Trinidad_MediaLuna_1.jpg,,,,
cuban,千里達,TRINIDAD,雷耶斯 Reyes (12枝),2500,,110,40,product_images/batch10/Trinidad_Reyes_1.jpg,product_images/batch10/Trinidad_Reyes_2.jpg,,,
cuban,千里達,TRINIDAD,雷耶斯 REYES (24枝),4800,,110,40,product_images/batch25/Trinidad_Reyes_1.jpg,product_images/batch25/Trinidad_Reyes_2.jpg,product_images/batch25/Trinidad_Reyes_3.jpg,,
cuban,千里達,TRINIDAD,托佩斯 TOPES (12枝),7280,,125,56,product_images/batch10/Trinidad_Topes_1.jpg,,,,
cuban,千里達,TRINIDAD,暗礁 Vigia (12枝),5380,,110,54,product_images/batch10/Trinidad_Vigia_1.jpg,product_images/batch10/Trinidad_Vigia_2.jpg,product_images/batch10/Trinidad_Vigia_3.jpg,,
cuban,千里達,TRINIDAD,暗礁 Vigia (15枝),,,110,54,,,,,
cuban,千里達,TRINIDAD,殖民地 Coloniales (24枝),10800,,132,44,product_images/batch10/Trinidad_Coloniales_1.jpg,,,,
cuban,千里達,TRINIDAD,特洛華 LA TROVA LCDH (12枝),9800,,166,52,product_images/batch10/Trinidad_LaTrovaLCDH_1.jpg,,,,
cuban,千里達,TRINIDAD,創建 Fundadores (24枝),18800,,192,40,product_images/batch10/Trinidad_Fundadores_1.jpg,product_images/batch10/Trinidad_Fundadores_2.jpg,product_images/batch10/Trinidad_Fundadores_3.jpg,,
cuban,千里達,TRINIDAD,特級羅伯圖 Robustos Extra (3枝),3680,,155,50,product_images/batch10/Trinidad_RobustosExtra_1.jpg,,,,
cuban,千里達,TRINIDAD,特級羅伯圖 Robustos Extra (12枝),11800,,155,50,product_images/batch12/TRINIDAD_Robustos_Extra_1.jpg,product_images/batch11/TRINIDAD_Robustos_T_3.jpg,product_images/batch11/TRINIDAD_Robustos_T_2.jpg,product_images/batch11/TRINIDAD_Robustos_T_1.jpg,product_images/batch11/TRINIDAD_Robustos_T_5.jpg
cuban,千里達,TRINIDAD,理事会Cabildos年度限定版 Edicion Limitada,11800,,162,46,product_images/batch11/TRINIDAD_Cabildos_EL_2024_1.jpg,product_images/batch11/TRINIDAD_Cabildos_EL_2024_2.jpg,product_images/batch11/TRINIDAD_Cabildos_EL_2024_3.jpg,product_images/batch11/TRINIDAD_Cabildos_EL_2024_4.jpg,product_images/batch11/TRINIDAD_Cabildos_EL_2024_5.jpg
cuban,千里達,TRINIDAD,短號 Short (40枝),780,,82,27,product_images/batch11/TRINIDAD_Short_1.jpg,product_images/batch11/TRINIDAD_Short_2.jpg,product_images/batch11/TRINIDAD_Short_3.jpg,product_images/batch11/TRINIDAD_Short_4.jpg,product_images/batch11/TRINIDAD_Short_5.jpg
cuban,千里達,TRINIDAD,短號 Short (100枝),1780,,82,27,product_images/batch11/TRINIDAD_Vigia_5.jpg,product_images/batch11/TRINIDAD_Vigia_4.jpg,product_images/batch12/TRINIDAD_Vigia_1.jpg,product_images/batch11/TRINIDAD_Vigia_3.jpg,product_images/batch11/TRINIDAD_Vigia_2.jpg
cuban,烏普曼,H.UPMANN,皇家羅伯圖LCDH Royal Robusto LCDH (10枝),,,135,52,,,,,
cuban,烏普曼,H.UPMANN,半皇冠 MEDIA CORONA (25枝),2600,,90,44,product_images/batch12/H_Upmann_Coronas_Major_1.jpg,product_images/batch12/H_Upmann_Half_Corona_1.jpg,,,
cuban,烏普曼,H.UPMANN,半皇冠鐵罐 MEDIA CORONA (25枝),,,90,44,,,,,
cuban,烏普曼,H.UPMANN,小高朗拿皇冠 CORONAS MAJOR (25枝),,,129,42,,,,,
cuban,烏普曼,H.UPMANN,大高朗拿皇冠 CORONAS MAJOR (25枝),3200,,132,42,product_images/batch25/HUpmann_Coronas_Major_1.jpg,,,,
cuban,烏普曼,H.UPMANN,雄偉 Majestic (25枝),3100,,140,40,product_images/batch12/H_Upmann_Majestic_1.jpg,,,,
cuban,烏普曼,H.UPMANN,特許 Regalias (25枝),3000,,129,42,product_images/batch12/H_Upmann_Regalias_1.jpg,,,,
cuban,烏普曼,H.UPMANN,特許鐵罐 Regalias (50枝),6500,,129,42,product_images/batch12/H_Upmann_MAGNUM_50_1.jpg,,,,
cuban,烏普曼,H.UPMANN,瑪瑙46 MAGNUM 46 (15枝),4200,,143,46,product_images/batch12/H_Upmann_MAGNUM_46_1.jpg,product_images/batch12/H_Upmann_MAGNUM_54_1.jpg,,,
cuban,烏普曼,H.UPMANN,瑪瑙46 MAGNUM 46 (25枝),6300,,143,46,product_images/batch25/HUpmann_Magnum_46_1.jpg,product_images/batch25/HUpmann_Magnum_46_2.jpg,,,
cuban,烏普曼,H.UPMANN,瑪瑙50 MAGNUM 50 (10枝),3300,,160,50,product_images/batch25/HUpmann_Magnum_50_1.jpg,,,,
cuban,烏普曼,H.UPMANN,瑪瑙50 MAGNUM 50 (25枝),8150,,160,50,product_images/batch25/HUpmann_Magnum_50_1.jpg,,,,
cuban,烏普曼,H.UPMANN,瑪瑙54 MAGNUM 54 (10枝),2800,,120,54,product_images/batch25/HUpmann_Magnum_54_1.jpg,,,,
cuban,烏普曼,H.UPMANN,瑪瑙54鋁管 MAGNUM 54 (15枝),,,120,54,,,,,
cuban,烏普曼,H.UPMANN,瑪瑙54 MAGNUM 54 (25枝),6600,,120,54,product_images/batch25/HUpmann_Magnum_54_1.jpg,,,,
cuban,烏普曼,H.UPMANN,鑑賞家A CONNOSSIEUR A(25枝),7200,,140,52,product_images/batch25/HUpmann_Connossieur_A_1.jpg,product_images/batch25/HUpmann_Connossieur_A_2.jpg,product_images/batch25/HUpmann_Connossieur_A_3.jpg,,
cuban,烏普曼,H.UPMANN,鑑賞家B LCDH CONNOSSIEUR B(25枝),,,150,54,,,,,
cuban,烏普曼,H.UPMANN,鑑賞家1號 Connossieur No.1 (25枝),5600,,127,48,product_images/batch25/HUpmann_Connossieur_No1_1.jpg,product_images/batch25/HUpmann_Connossieur_No1_2.jpg,,,
cuban,烏普曼,H.UPMANN,鑑賞家2號 Connossieur No.2 (25枝),6600,,134,51,product_images/batch25/HUpmann_Connossieur_No2_1.jpg,product_images/batch25/HUpmann_Connossieur_No2_2.png,,,
cuban,烏普曼,H.UPMANN,消遙 Epicures (25枝),2100,,110,35,product_images/batch25/HUpmann_Epicures_1.jpg,product_images/batch25/HUpmann_Epicures_2.jpg,product_images/batch25/HUpmann_Epicures_3.jpg,,
cuban,烏普曼,H.UPMANN,2號魚雷 No. 2 (25枝),9400,,156,52,product_images/batch25/HUpmann_No2_1.jpg,product_images/batch25/HUpmann_No2_2.jpg,,,
cuban,烏普曼,H.UPMANN,諾爾玻璃瓶LCDH Noellas Glass Jar LCDH (25枝),7800,,134,42,product_images/batch25/HUpmann_Noellas_GlassJar_1.jpg,product_images/batch25/HUpmann_Noellas_GlassJar_2.jpg,product_images/batch25/HUpmann_Noellas_GlassJar_3.jpg,,
cuban,烏普曼,H.UPMANN,超級瑪瑙書本限量版 SUPER MAGNUM COLECCIÓN HABANOS EDICIÓN 2020,56500,,180,56,product_images/batch25/HUpmann_Super_Magnum_2020_1.jpg,product_images/batch25/HUpmann_Super_Magnum_2020_2.jpg,,,
cuban,烏普曼,H.UPMANN,烏普曼有限瑪瑙2024西班牙年限首版 Magnum Finite 2024 (25枝),14800,,130,53,product_images/batch25/HUpmann_Magnum_Finite_2024_1.jpg,product_images/batch25/HUpmann_Magnum_Finite_2024_2.jpg,,,
cuban,波爾,POR LARRANAGA,鳳凰腓尼基地限 Fénix Edición Regional Phoenicia (15枝),14500,,184,50,product_images/batch25/PorLarranaga_Fenix_Phoenicia_1.jpg,product_images/batch25/PorLarranaga_Fenix_Phoenicia_2.jpg,,,
cuban,波爾,POR LARRANAGA,荷蘭地區限定Edición Regional Países2017（10支）,4900,,160,50,product_images/batch25/PorLarranaga_ER_Paises_2017_1.jpg,product_images/batch25/PorLarranaga_ER_Paises_2017_2.jpg,,,
cuban,波爾,POR LARRANAGA,鬥牛士 Picadores (25枝),4900,,127,48,product_images/batch25/PorLarranaga_Picadores_1.jpg,,,,
cuban,波爾,POR LARRANAGA,潑辣雄獅地限 Larrañaga Leones (10枝),3100,,155,42,product_images/batch25/PorLarranaga_Leones_1.webp,product_images/batch25/PorLarranaga_Leones_2.webp,product_images/batch25/PorLarranaga_Leones_3.jpg,,
cuban,波爾,POR LARRANAGA,蒙卡洛斯 MONTECARLOS (25枝),3300,,159,33,product_images/batch25/PorLarranaga_Montecarlos_1.jpg,product_images/batch25/PorLarranaga_Montecarlos_2.jpg,,,
cuban,波爾,POR LARRANAGA,小高朗拿小皇冠 PETIT CORONAS (50枝),5650,,129,42,product_images/batch26/POR_LARRANAGA_Petit_Coronas_1.jpg,product_images/batch26/POR_LARRANAGA_Petit_Coronas_2.jpg,,,
cuban,波爾,POR LARRANAGA,英勇 GALANES (10枝),2500,,120,52,product_images/batch26/POR_LARRANAGA_Galanes_1.jpg,product_images/batch26/POR_LARRANAGA_Galanes_2.jpg,,,
cuban,波爾,POR LARRANAGA,認捐法國地限 Prometidos Edición Regional Francia (10枝),4200,,140,54,product_images/batch26/POR_LARRANAGA_Prometidos_2.jpg,,,,
cuban,胡安,JUAN LOPEZ,女武神北歐諸國地區限定版 Valkyria Edición Regional Países Nórdicos (10枝),3800,,140,52,,,,,
cuban,胡安,JUAN LOPEZ,胡安54西班牙地限 54 Regional Edition (10枝),3300,,120,54,product_images/batch26/JUAN_LOPEZ_54_Regional_1.jpg,,,,
cuban,胡安,JUAN LOPEZ,胡安特選1號 SELECCION NO.1 (25枝),4600,,143,46,product_images/batch26/JUAN_LOPEZ_Seleccion_No1_1.jpg,product_images/batch26/JUAN_LOPEZ_Seleccion_No1_2.jpg,,,
cuban,胡安,JUAN LOPEZ,胡安特選2號 SELECCION NO.2 (25枝),5200,,124,50,product_images/batch26/JUAN_LOPEZ_Seleccion_No2_1.jpg,product_images/batch26/JUAN_LOPEZ_Seleccion_No2_2.jpg,,,
cuban,胡安,JUAN LOPEZ,150周年特級精選 150 Aniversario Selección Especial (25枝),12000,,170,52,product_images/batch26/JUAN_LOPEZ_150_Aniversario_1.jpg,product_images/batch26/JUAN_LOPEZ_150_Aniversario_2.jpg,,,
cuban,胡安,JUAN LOPEZ,比利時地限 龍 Dragones (10枝),3600,,115,52,,,,,
cuban,胡安,JUAN LOPEZ,胡安特選2號磁吸保濕盒 SELECCION NO.2 (5枝),1700,,124,50,product_images/batch26/JUAN_LOPEZ_Seleccion_No2_Magnetic_2.jpg,,,,
cuban,潘趣,PUNCH,雙皇冠 Double Coronas (25枝),12500,,194,49,product_images/batch26/PUNCH_Double_Coronas_1.jpg,,,,
cuban,潘趣,PUNCH,公主 Princesas 年度限定版（20）,15500,,135,52,product_images/batch26/PUNCH_Princesas_1.jpg,product_images/batch26/PUNCH_Princesas_2.jpg,,,
cuban,潘趣,PUNCH,短潘趣 SHORT DE PUNCH (10枝),2400,,120,50,product_images/batch26/PUNCH_Short_de_Punch_1.jpg,product_images/batch26/PUNCH_Short_de_Punch_2.jpg,,,
cuban,潘趣,PUNCH,雙潘趣 Punch Punch (25枝),5600,,143,46,product_images/batch26/PUNCH_Punch_Punch_eBay_1.jpg,product_images/batch26/PUNCH_Punch_Punch_eBay_2.jpg,,,
cuban,潘趣,PUNCH,48 LCDH (10支),3100,,140,48,product_images/batch26/PUNCH_48_LCDH_1.jpg,product_images/batch26/PUNCH_48_LCDH_2.jpg,,,
cuban,潘趣,PUNCH,勝利鐵盒 Triunfos (50枝),6800,,129,42,product_images/batch26/PUNCH_Triunfos_1.jpg,product_images/batch26/PUNCH_Triunfos_2.jpg,,,
cuban,潘趣,PUNCH,高朗拿鋁管 Coronations (25枝),3050,,129,42,product_images/batch26/PUNCH_Coronations_1.jpg,product_images/batch26/PUNCH_Coronations_2.jpg,,,
cuban,潘趣,PUNCH,小高朗拿皇冠鋁管 Petit Coronations (25枝),2750,,117,40,product_images/batch13/PUNCH_Petit_Coronations_1.jpg,,,,
cuban,潘趣,PUNCH,雙潘趣铝管 Punch Punch (10枝),2600,,143,46,product_images/batch13/PUNCH_Punch_Punch_1.jpg,,,,
cuban,威古洛,Vegueros,塔帕多 TAPADOS (16枝),1800,,120,46,product_images/batch13/Vegueros_TAPADOS_1.jpg,product_images/batch13/Vegueros_TAPADOS_2.jpg,,,
cuban,威古洛,Vegueros,胖敦敦 Centrogordos (16枝),2200,,100,54,product_images/batch13/Vegueros_Centrogordos_1.jpg,,,,
cuban,威古洛,Vegueros,邁雅里達小魚雷 Mananitas (16枝),1700,,100,46,product_images/batch13/Vegueros_Mananitas_1.jpg,product_images/batch13/Vegueros_Mananitas_2.jpg,,,
cuban,威古洛,Vegueros,迅馳1 Centrofinos (16枝),2300,,130,50,product_images/batch13/Vegueros_Centrofinos_1.jpg,product_images/batch13/Vegueros_Centrofinos_2.jpg,,,
cuban,威古洛,Vegueros,小息 Entertiempos (16枝),2000,,110,52,product_images/batch26/Vegueros_Entertiempos_eBay_1.jpg,product_images/batch26/Vegueros_Entertiempos_eBay_2.jpg,,,
cuban,古巴榮耀,LA GLORIA CUBANA,D5西班牙2017限量版 Serie D No.5 2017 Regional Edition (10枝),2800,,110,50,product_images/batch13/LA_GLORIA_CUBANA_Serie_D_No5_1.jpg,product_images/batch13/LA_GLORIA_CUBANA_Serie_D_No5_2.jpg,,,
cuban,古巴榮耀,LA GLORIA CUBANA,LCDH保濕盒 GLORIAS LCDH (20枝),10500,,156,49,product_images/batch13/LA_GLORIA_CUBANA_GLORIAS_LCDH_1.jpg,product_images/batch13/LA_GLORIA_CUBANA_GLORIAS_LCDH_2.jpg,product_images/batch13/LA_GLORIA_CUBANA_GLORIAS_LCDH_3.jpg,,
cuban,古巴榮耀,LA GLORIA CUBANA,土耳其人 Turquinos (10枝),2980,,141,50,product_images/batch13/LA_GLORIA_CUBANA_Turquinos_1.jpg,product_images/batch13/LA_GLORIA_CUBANA_Turquinos_2.jpg,product_images/batch13/LA_GLORIA_CUBANA_Turquinos_3.jpg,,
cuban,古巴榮耀,LA GLORIA CUBANA,通境巴爾卡尼察保加利亞地限 Via Balcanica Edición Regional Bulgaria (10枝),9800,,160,50,product_images/batch13/LA_GLORIA_CUBANA_Via_Balcanica_1.jpg,product_images/batch13/LA_GLORIA_CUBANA_Via_Balcanica_2.jpg,product_images/batch13/LA_GLORIA_CUBANA_Via_Balcanica_3.png,,
cuban,雷蒙,RAMON ALLONES,小俱樂部高朗拿 SMALL CLUB CORONAS (25枝),2800,,110,42,product_images/batch13/RAMON_ALLONES_SMALL_CLUB_CORONAS_1.jpg,,,,
cuban,雷蒙,RAMON ALLONES,精選 SPECIALLY SELECTED (25枝),5200,,124,50,product_images/batch26/RAMON_ALLONES_Specially_Selected_1.jpg,product_images/batch26/RAMON_ALLONES_eBay_1.jpg,product_images/batch26/RAMON_ALLONES_eBay_2.jpg,,
cuban,雷蒙,RAMON ALLONES,精選 SPECIALLY SELECTED (50枝),,,124,50,,,,,
cuban,雷蒙,RAMON ALLONES,阿龍3號 ALLONES NO.3 (10枝),3000,,138,52,product_images/batch13/RAMON_ALLONES_ALLONES_NO3_1.jpg,product_images/batch13/RAMON_ALLONES_SPECIALLY_SELECTED_1.jpg,,,
cuban,雷蒙,RAMON ALLONES,優越LCDH Allones Superiores (10枝),2900,,143,46,product_images/batch13/RAMON_ALLONES_Allones_Superiores_1.jpg,product_images/batch13/RAMON_ALLONES_Allones_Superiores_2.jpg,product_images/batch13/RAMON_ALLONES_Allones_Superiores_3.jpg,,
cuban,雷蒙,RAMON ALLONES,優越超級阿龍 Allones Superiores (10枝),2800,,143,46,product_images/batch26/RAMON_ALLONES_Allones_Superiores_1.jpg,product_images/batch26/RAMON_ALLONES_Allones_Superiores_2.jpg,,,
cuban,庫阿巴,Cuaba,傑出 Distinguidos (10枝),2900,,162,52,product_images/batch13/Cuaba_Distinguidos_1.jpg,,,,
cuban,庫阿巴,Cuaba,傳統 TRADICIONALES (25枝),4500,,120,42,product_images/batch13/Cuaba_TRADICIONALES_1.jpg,,,,
cuban,庫阿巴,Cuaba,所羅門 SALOMONES (10枝),,,184,57,product_images/batch10/Partagas_Salomones_1.jpg,product_images/batch10/Partagas_Salomones_2.jpg,,,
cuban,庫阿巴,Cuaba,聖地 Divinos (25枝),2900,,101,43,product_images/batch13/Cuaba_Divinos_1.jpg,,,,
cuban,羅賓納,VEGAS ROBAINA,名人著名 FAMOSOS (25枝),5300,,127,48,product_images/batch13/VEGAS_ROBAINA_FAMOSOS_1.jpg,,,,
cuban,羅賓納,VEGAS ROBAINA,獨特優尼可 Unicos (25枝),6800,,156,52,product_images/batch13/VEGAS_ROBAINA_Unicos_1.jpg,,,,
cuban,金特羅,QUINTERO,摯愛 FAVORITOS (25枝),2400,,115,50,product_images/batch13/QUINTERO_FAVORITOS_1.jpg,,,,
cuban,金特羅,QUINTERO,摯愛 FAVORITOS (15枝),1800,,115,50,product_images/batch26/QUINTERO_Favoritos_eBay_1.jpg,product_images/batch26/QUINTERO_Favoritos_eBay_2.jpg,,,
cuban,金特羅,QUINTERO,小金特羅 Petit Quintero (25枝),1500,,105,43,product_images/batch26/QUINTERO_Petit_Quintero_1.jpg,product_images/batch26/QUINTERO_Petit_Quintero_2.jpg,,,
cuban,金特羅,QUINTERO,比華士 Brevas (25枝),1800,,140,41,product_images/batch27/JoseLPiedra_Brevas_1.jpg,,,,
cuban,金特羅,QUINTERO,特級倫敦 Londres Extra (25枝),1780,,123,40,,,,,
cuban,拉斐爾,RAFAEL GONZALEZ,珍珠 RAFAEL GONZÁLEZ PERLAS (25枝),2000,,102,40,product_images/batch27/RafaelGonzalez_Perlas_1.jpg,,,,
cuban,拉斐爾,RAFAEL GONZALEZ,朗斯代爾皇冠 Coronas De Lonsdales (10枝),2100,,127,48,product_images/batch27/RafaelGonzalez_CoronasDeLonsdales_1.jpg,,,,
cuban,拉斐爾,RAFAEL GONZALEZ,薩雷斯小皇冠 GONZÁLEZ PETIT CORONAS (25枝),2600,,129,42,product_images/batch27/RafaelGonzalez_PetitCoronas_1.jpg,,,,
cuban,拉斐爾,RAFAEL GONZALEZ,賓利特級 Panetelas Extra (25枝),1900,,127,37,product_images/batch27/RafaelGonzalez_PanetelasExtra_1.jpg,,,,
cuban,世界之王,EL REY DEL MUNDO,小咖啡杯 DEMI TASSE (25枝),2000,,100,30,product_images/batch27/ElReyDelMundo_DemiTasse_1.jpg,,,,
cuban,世界之王,EL REY DEL MUNDO,王者之選(黃蘿蔔) Choix Supreme (25枝),7400,,127,48,product_images/batch27/ElReyDelMundo_ChoixSupreme_1.jpg,,,,
cuban,世界之王,EL REY DEL MUNDO,皇家系列LCDH Royal Series LCDH (20枝),10800,,155,50,,,,,
cuban,比亞達,JOSE L. PIEDRA,小獵人 PETIT CAZADORES (12枝),750,,105,43,product_images/batch27/JoseLPiedra_PetitCazadores_1.jpg,,,,
cuban,比亞達,JOSE L. PIEDRA,小獵人 PETIT CAZADORES (25枝),1300,,105,43,product_images/batch27/JoseLPiedra_PetitCazadores_1.jpg,,,,
cuban,比亞達,JOSE L. PIEDRA,(大)獵人 CAZADORES (12枝),900,,152,43,product_images/batch27/JoseLPiedra_Cazadores_1.jpg,,,,
cuban,比亞達,JOSE L. PIEDRA,(大)獵人 CAZADORES (25枝),1850,,152,43,product_images/batch27/JoseLPiedra_Cazadores_1.jpg,,,,
cuban,比亞達,JOSE L. PIEDRA,小紳士(小騎士) Petit Caballeros (12枝),750,,121,48,product_images/batch27/JoseLPiedra_PetitCaballeros_1.jpg,,,,
cuban,比亞達,JOSE L. PIEDRA,小紳士(小騎士) Petit Caballeros (15枝),900,,121,48,product_images/batch27/JoseLPiedra_PetitCaballeros_1.jpg,,,,
cuban,比亞達,JOSE L. PIEDRA,比華士 Brevas (12枝),750,,133,42,product_images/batch27/JoseLPiedra_Brevas_1.jpg,,,,
cuban,比亞達,JOSE L. PIEDRA,比華士 Brevas (25枝),1200,,133,42,product_images/batch27/JoseLPiedra_Brevas_1.jpg,,,,
cuban,比亞達,JOSE L. PIEDRA,蜜餞 CONSERVAS (12枝),800,,140,44,product_images/batch27/JoseLPiedra_Conservas_1.jpg,,,,
cuban,比亞達,JOSE L. PIEDRA,蜜餞 CONSERVAS (25枝),1200,,140,44,product_images/batch27/JoseLPiedra_Conservas_1.jpg,,,,
cuban,比亞達,JOSE L. PIEDRA,精華 Cremas (25枝),1300,,136,40,product_images/batch27/JoseLPiedra_Cremas_1.jpg,,,,
cuban,外交官,Diplomáticos,傳奇意大利地限 Diplomáticos Legendario R.E. Italia (10枝),4800,,178,48,product_images/batch15/Diplomaticos_El_Emisario_1.jpg,product_images/batch15/Diplomaticos_El_Emisario_2.jpg,product_images/batch15/Diplomaticos_Leal_Cuba_1.jpg,product_images/batch15/Diplomaticos_Leal_Cuba_2.jpg,product_images/batch15/Diplomaticos_Legendario_1.jpg
cuban,外交官,Diplomáticos,2號魚雷 No.2 (25枝),6800,,156,52,product_images/batch27/Diplomaticos_No2_1.jpg,,,,
cuban,外交官,Diplomáticos,古巴限定版 Edición Regional Cuba (10枝),3800,,124,50,,,,,
cuban,外交官,Diplomáticos,特使瑞士地限 El Emisario (10枝),4280,,141,50,product_images/batch28/Diplomaticos_El_Emisario_1.jpg,product_images/batch28/Diplomaticos_El_Emisario_2.jpg,product_images/batch28/Diplomaticos_El_Emisario_3.jpg,,
cuban,聖克里斯托,San Cristobal,20週年LCDH 20 Anniversario LCDH (20枝),15800,,162,52,product_images/batch15/San_Cristobal_20_Aniversario_1.jpg,product_images/batch15/San_Cristobal_20_Aniversario_2.jpg,product_images/batch15/San_Cristobal_20_Aniversario_3.jpg,,
cuban,聖克里斯托,San Cristobal,宏偉 安道爾地限 Magnífico (12枝),,,164,54,,,,,
cuban,聖克里斯托,San Cristobal,王子El Principe (25枝),2500,,110,42,product_images/batch28/San_Cristobal_El_Principe_1.jpg,product_images/batch28/San_Cristobal_El_Principe_2.jpg,,,
cuban,聖克里斯托,San Cristobal,蓬塔La Punta(25枝),7800,,140,52,product_images/batch28/San_Cristobal_La_Punta_1.jpg,,,,
cuban,聖克里斯托,San Cristobal,堡壘 荷蘭地區限定版 Edición Regional Países Bajos（10支）,3600,,110,52,,,,,
cuban,桑丘潘沙,SANCHO PANZA,詩人苛馬塞普路斯2020地限 OMHPOΣEdición Regional Chipre (10枝),4200,,121,54,product_images/batch15/Sancho_Panza_Chipre_1.jpg,product_images/batch15/Sancho_Panza_Chipre_2.jpg,product_images/batch15/Sancho_Panza_Chipre_3.jpg,,
cuban,桑丘潘沙,SANCHO PANZA,朗匹士 NON PLUS (25枝),4200,,129,42,product_images/batch28/SANCHO_PANZA_Non_Plus_1.jpg,product_images/batch28/SANCHO_PANZA_Non_Plus_2.jpg,,,
cuban,桑丘潘沙,SANCHO PANZA,比利高魚雷 Belicosos (25枝),7600,,140,52,product_images/batch28/SANCHO_PANZA_Belicosos_1.jpg,,,,
cuban,聖路易斯.雷伊,Saint Luis Rey,搖籃意大利地限 La Cuna Edición Regional Italia (10枝),4850,,170,43,product_images/batch15/Saint_Luis_Rey_La_Cuna_1.jpg,product_images/batch15/Saint_Luis_Rey_La_Cuna_2.jpg,,,
cuban,聖路易斯.雷伊,Saint Luis Rey,北風長矛葡萄牙地限 Adamastor Edición Regional Portugal (10枝),5500,,192,40,product_images/batch28/Saint_Luis_Rey_Adamastor_Edición_Regional_Portugal_1.jpg,,,,
cuban,聖路易斯.雷伊,Saint Luis Rey,雷伊富豪 Regios (25枝),4600,,127,48,product_images/batch15/Saint_Luis_Rey_Regios_1.jpg,product_images/batch15/Saint_Luis_Rey_Regios_2.jpg,,,
cuban,聖路易斯.雷伊,Saint Luis Rey,彪麗高德國地限 Belicosos Edición Regional Alemania (25枝),8800,,140,52,product_images/batch28/Saint_Luis_Rey_Belicosos_Edición_Regional_Alemania_1.jpg,product_images/batch28/Saint_Luis_Rey_Belicosos_Edición_Regional_Alemania_2.jpg,,,
cuban,豐塞卡,Fonseca,哥薩克 Cosacos (25枝),,,135,42,,,,,
cuban,豐塞卡,Fonseca,KDT 學徒 KDT Cadetes (25枝),2200,,115,36,,,,,
cuban,豐塞卡,Fonseca,滋味 Delicias (25枝),,,123,40,,,,,
cuban,豐塞卡,Fonseca,龍年限量版 Year of the Dragon 2024LE (16枝),,,171,54,,,,,
cuban,卡諾之花,La Flor de Cano,羅伯圖荷蘭地限 Robusto Edición Regional Países Bajos (10枝),3480,,124,50,,,,,
cuban,卡諾之花,La Flor de Cano,選擇 Elegidos (10枝),1500,,127,50,product_images/batch15/La_Flor_de_Cano_Elegidos_1.jpg,product_images/batch15/La_Flor_de_Cano_Elegidos_2.jpg,,,
cuban,卡諾之花,La Flor de Cano,精選3號英國地限 Selectos No.3 Edición Regional Reino Unido (25枝),13500,,165,42,product_images/batch15/La_Flor_de_Cano_Selectos_1.jpg,product_images/batch15/La_Flor_de_Cano_Selectos_2.jpg,,,
cuban,卡諾之花,La Flor de Cano,選擇 Elegidos (15枝),2300,,127,50,product_images/batch28/La_Flor_de_Cano_Elegidos_1.jpg,product_images/batch28/La_Flor_de_Cano_Elegidos_2.jpg,product_images/batch28/La_Flor_de_Cano_Elegidos_3.jpg,,
cuban,卡諾之花,La Flor de Cano,選擇 Elegidos (3枝),490,,127,50,product_images/batch28/La_Flor_de_Cano_Elegidos_1.jpg,product_images/batch28/La_Flor_de_Cano_Elegidos_2.jpg,product_images/batch28/La_Flor_de_Cano_Elegidos_3.jpg,,
non_cuban,简单,Sencillo,简单铂金罗布图（25支),2280,20,,,product_images/batch15/Davidoff_Grand_Cru_Robusto_1.jpg,product_images/batch15/Davidoff_Grand_Cru_Robusto_2.jpg,product_images/batch15/Davidoff_Grand_Cru_Robusto_3.jpg,,
non_cuban,简单,Sencillo,简单铂金双罗布图（25支),2380,20,,,product_images/batch16/Camacho_Corojo_Robusto_1.jpg,product_images/batch16/Davidoff_Camacho_BXP_Robusto_1.jpg,product_images/batch16/Davidoff_Camacho_BXP_Robusto_2.jpg,product_images/batch16/Davidoff_Camacho_Triple_Maduro_Robusto_1.jpg,product_images/batch16/Davidoff_Zino_Platinum_Crown_1.jpg
non_cuban,简单,Sencillo,简单铂金金字塔（25支),2780,20,,,product_images/batch28/Davidoff_Zino_Platinum_Pyramid_1.jpg,,,,
non_cuban,简单,Sencillo,简单铂金大公牛56（25支),2680,20,,,product_images/batch16/Camacho_Corojo_Toro_1.jpg,product_images/batch16/Davidoff_Camacho_Triple_Maduro_Toro_1.jpg,,,
non_cuban,简单,Sencillo,简单黑罗布图（25支),2280,20,,,product_images/batch16/Davidoff_Nicaragua_Robusto_1.jpg,product_images/batch16/Davidoff_Nicaragua_Toro_1.jpg,product_images/batch16/Zino_Nicaragua_Robusto_1.jpg,product_images/batch16/Zino_Nicaragua_Robusto_2.jpg,
non_cuban,简单,Sencillo,简单黑金字塔拉戈54（25支),2680,20,,,,,,,
non_cuban,简单,Sencillo,简单黑巨人（25支),2680,20,,,,,,,
non_cuban,简单,Sencillo,简单黑金字塔60No.5（25支),3250,20,,,,,,,
non_cuban,简单,Sencillo,简单黑金字塔60No.4（25支),3080,20,,,,,,,
non_cuban,火神,God of Fire,火神KKP特殊珍藏金字塔58（10支),5880,10,,,product_images/batch28/Davidoff_God_of_Fire_Serie_B_KKP_Pyramid_58_1.jpg,,,,
non_cuban,火神,God of Fire,火神KKP特殊珍藏大公牛56（10支),4890,10,,,,,,,
non_cuban,火神,God of Fire,火神KKP特殊珍藏特长公牛54（10支),5758,10,,,,,,,
non_cuban,火神,God of Fire,火神KKP永不退缩金字塔58（10支),5880,10,,,,,,,
non_cuban,火神,God of Fire,火神KKP永不退缩大公牛56（10支),5780,10,,,,,,,
non_cuban,火神,God of Fire,火神KKP永不退缩特长公牛54（10支),5780,10,,,product_images/batch29/GodOfFire_KKP_Churchill_1.jpg,product_images/batch29/GodOfFire_KKP_Churchill_2.jpg,,,
non_cuban,火神,God of Fire,火神特殊珍藏黑檀木（4支）,3680,10,,,product_images/batch29/GodOfFire_Aniversario_Ebony_1.jpg,product_images/batch29/GodOfFire_Aniversario_Ebony_2.jpg,,,
non_cuban,火神,God of Fire,火神组合装黑檀木（10支),5860,10,,,product_images/batch16/Camacho_Bold_Sampler_1.jpg,,,,
non_cuban,火神,God of Fire,火神组合装黑（10支),5860,10,,,product_images/batch29/GodOfFire_Combustion_Black_1.jpg,product_images/batch29/GodOfFire_Combustion_Black_2.jpg,,,
non_cuban,火神,God of Fire,火神庆典大帝54（10支),3680,20,,,product_images/batch29/GodOfFire_Celebracion_GranToro54_1.jpg,product_images/batch29/GodOfFire_Celebracion_GranToro54_2.jpg,product_images/batch29/GodOfFire_Celebracion_GranToro54_3.jpg,,
non_cuban,火神,God of Fire,火神庆典大帝56（10支),3680,20,,,product_images/batch29/GodOfFire_Celebracion_GranToro56_1.jpg,product_images/batch29/GodOfFire_Celebracion_GranToro56_2.jpg,,,
non_cuban,火神,God of Fire,火神庆典大帝60（10支),3680,20,,,product_images/batch29/GodOfFire_Celebracion_GranToro60_1.jpg,product_images/batch29/GodOfFire_Celebracion_GranToro60_3.jpg,,,
non_cuban,火神,God of Fire,火神庆典组合装（5支）,2380,20,,,product_images/batch29/GodOfFire_Celebracion_Selection_2.jpg,product_images/batch29/GodOfFire_Celebracion_Selection_3.jpg,,,
non_cuban,火神,God of Fire,火神B系列罗布图（10支),3680,20,,,product_images/batch29/GodOfFire_SerieB_Robusto_1.jpg,product_images/batch29/GodOfFire_SerieB_Robusto_3.jpg,,,
non_cuban,火神,God of Fire,火神B系列罗布图铝管（8支）,3080,5,,,product_images/batch17/Davidoff_DoubleRobustoTubo_1.jpg,product_images/batch17/Davidoff_DoubleRobusto_1.jpg,product_images/batch17/Davidoff_DoubleRobusto_2.jpg,product_images/batch17/Davidoff_GodOfFireDoubleRobustoTubo_1.jpg,product_images/batch17/Davidoff_GodOfFireDoubleRobusto_1.jpg
non_cuban,火神,God of Fire,火神B系列双罗布图（10支),3680,20,,,,,,,
non_cuban,火神,God of Fire,火神B系列双罗布图铝管（8支）,3080,20,,,,,,,
non_cuban,火神,God of Fire,火神B系列罗布图戈多54（10支),3080,20,,,,,,,
non_cuban,火神,God of Fire,火神B系列大帝56（10支),3080,5,,,,,,,
non_cuban,火神,God of Fire,火神B系列组合装（5支）,2380,20,,,product_images/batch17/Davidoff_GodOfFireSampler_1.jpg,,,,
non_cuban,火神,God of Fire,火神唐卡洛斯罗布图（10支),3080,20,,,product_images/batch17/Davidoff_DonCarlosRobustoTubo_1.jpg,product_images/batch17/Davidoff_DonCarlosRobusto_1.jpg,product_images/batch17/Davidoff_Don_Carlos_Double_Robusto_1.jpg,product_images/batch17/Davidoff_Don_Carlos_Robusto_1.jpg,product_images/batch17/Davidoff_GodOfFireDonCarlosChurchill_1.jpg
non_cuban,火神,God of Fire,火神唐卡洛斯罗布图铝管（8支）,2980,20,,,,,,,
non_cuban,火神,God of Fire,火神唐卡洛斯公牛（10支),3080,20,,,product_images/batch17/Davidoff_DonCarlosToro_1.jpg,product_images/batch17/Davidoff_GodOfFireDonCarlosToro_1.jpg,,,
non_cuban,火神,God of Fire,火神唐卡洛斯罗布图戈多54（10支),3080,20,,,,,,,
non_cuban,火神,God of Fire,火神卡利托双罗布图（10支),3280,20,,,product_images/batch17/Davidoff_GodOfFireCarlitoDiademas_1.jpg,,,,
non_cuban,火神,God of Fire,火神卡利托双罗布图铝管（8支）,3300,20,,,,,,,
non_cuban,火神,God of Fire,火神卡利托丘吉尔（10支),3180,20,,,product_images/batch17/Davidoff_GodOfFireChurchill_1.jpg,,,,
non_cuban,火神,God of Fire,火神卡利托金字塔（10支),3680,20,,,,,,,
non_cuban,火神,God of Fire,火神卡利托双皇冠（10支),3360,20,,,product_images/batch17/Davidoff_GodOfFireDoubleCor_1.jpg,,,,
non_cuban,火神,God of Fire,火神卡利托大帝56（10支),3360,20,,,,,,,
non_cuban,火神,God of Fire,火神卡利托唐卡洛斯组合装（5支）,2380,20,,,product_images/batch17/Davidoff_DonCarlosSampler_1.jpg,,,,
non_cuban,阿图罗·富恩特,Arturo Fuente,阿图罗富恩特唐卡洛斯庆典罗布图（10支),5080,30,,,,,,,
non_cuban,阿图罗·富恩特,Arturo Fuente,阿图罗富恩特唐卡洛斯庆典双罗布图（10支),5180,30,,,,,,,
non_cuban,阿图罗·富恩特,Arturo Fuente,阿图罗富恩特唐卡洛斯庆典双罗布图铝管（8支）,4800,30,,,,,,,
non_cuban,阿图罗·富恩特,Arturo Fuente,阿图罗富恩特唐卡洛斯庆典公牛（10支),5080,30,,,,,,,
non_cuban,富恩特,Arturo Fuente,富恩特巨著庄园X(3支）黑,1880,29,,,product_images/batch17/Davidoff_OpusXReservaDChateau_1.jpg,product_images/batch17/Davidoff_OpusXReservaDChateau_2.jpg,product_images/batch17/Davidoff_OpusXReservaDChateau_3.jpg,,
non_cuban,富恩特,Arturo Fuente,富恩特巨著天使罗布图（3支）红,1880,20,,,product_images/batch18/Davidoff_OpusX_Angels_Share_Robusto_1.jpg,product_images/batch18/Davidoff_OpusX_Angels_Share_Robusto_2.jpg,product_images/batch18/Davidoff_OpusX_Estate_Reserve_Robusto_1.jpg,,
non_cuban,富恩特,Arturo Fuente,富恩特巨著罗庄园罗布图（3支）黑,1880,45,,,,,,,
non_cuban,富恩特,Arturo Fuente,富恩特短篇小说（15支）,2800,50,,,product_images/batch18/Davidoff_Hemingway_Short_Story_1.jpg,,,,
non_cuban,富恩特,Arturo Fuente,富恩特国王T（4支）,1580,60,,,product_images/batch18/Davidoff_King_T_1.jpg,,,,
non_cuban,富恩特,Arturo Fuente,富恩特巨著协会保湿盒（20支）,20300,8,,,,,,,
non_cuban,富恩特,Arturo Fuente,富恩特巨著禁忌罗布图（20支）,9180,9,,,product_images/batch18/Davidoff_OpusX_Forbidden_Amor_Sensual_1.jpg,product_images/batch18/Davidoff_OpusX_Forbidden_Beso_1.jpg,product_images/batch18/Davidoff_OpusX_Forbidden_Deseos_1.jpg,product_images/batch18/Davidoff_OpusX_Forbidden_Pasion_1.jpg,
non_cuban,富恩特,Arturo Fuente,富恩特巨著禁忌丘吉尔（20支）,9180,8,,,product_images/batch30/Arturo_Fuente_Forbidden_X_Pasion_DAmor_Churchill_1.jpg,product_images/batch30/Arturo_Fuente_Forbidden_X_Pasion_DAmor_1.jpg,,,
non_cuban,富恩特,Arturo Fuente,富恩特巨著禁忌双罗布图（20支）,9180,11,,,product_images/batch30/Arturo_Fuente_Forbidden_X_Double_Robusto_1.jpg,product_images/batch30/Arturo_Fuente_Forbidden_X_Double_Robusto_2.jpg,,,
non_cuban,富恩特,Arturo Fuente,富恩特巨著禁忌鱼类（20支）,9380,10,,,product_images/batch30/Arturo_Fuente_Forbidden_X_El_Beso_Prohibido_Torpedo_1.jpg,product_images/batch30/Arturo_Fuente_Forbidden_X_El_Beso_Prohibido_Torpedo_2.jpg,,,
non_cuban,富恩特,Arturo Fuente,富恩特巨著失落之城罗布图（10支),5380,50,,,product_images/batch18/Davidoff_OpusX_Lost_City_Double_Robusto_1.jpg,product_images/batch18/Davidoff_OpusX_Lost_City_Double_Robusto_Tubo_1.jpg,product_images/batch18/Davidoff_OpusX_Lost_City_Robusto_1.jpg,,
non_cuban,富恩特,Arturo Fuente,富恩特巨著失落之城双罗布图（10支),5380,100,,,product_images/batch30/Arturo_Fuente_Opus_X_Lost_City_Double_Robusto_1.jpg,product_images/batch30/Arturo_Fuente_Opus_X_Lost_City_Double_Robusto_2.jpg,,,
non_cuban,富恩特,Arturo Fuente,富恩特巨著失落之城双罗布图铝管（8支）,5280,5,,,product_images/batch30/Arturo_Fuente_Opus_X_Lost_City_Double_Robusto_Tubo_1.jpg,,,,
non_cuban,富恩特,Arturo Fuente,富恩特巨著失落之城公牛（10支),5680,100,,,product_images/batch18/Davidoff_OpusX_Lost_City_Toro_1.jpg,,,,
non_cuban,富恩特,Arturo Fuente,富恩特巨著失落之城金字塔（10支),5680,100,,,product_images/batch18/Davidoff_OpusX_Lost_City_Piramide_1.jpg,,,,
non_cuban,富恩特,Arturo Fuente,富恩特巨著失落之城卡利托A（10支),12800,12,,,product_images/batch18/Davidoff_OpusX_Lost_City_Carlito_A_1.jpg,,,,
non_cuban,富恩特,Arturo Fuente,富恩特OPUSX黑檀木（4支）,4280,30,,,product_images/batch18/Davidoff_OpusX_Story_Black_1.jpg,product_images/batch18/Davidoff_OpusX_Story_Blue_1.jpg,product_images/batch18/Davidoff_OpusX_Story_Red_1.jpg,product_images/batch18/Davidoff_OpusX_Story_Yellow_1.jpg,
non_cuban,富恩特,Arturo Fuente,富恩特OPUSX黑（4支）,4280,30,,,,,,,
non_cuban,富恩特,Arturo Fuente,富恩特OPUSX红（4支）,4280,30,,,,,,,
non_cuban,富恩特,Arturo Fuente,富恩特OPUSX蓝（4支）,4280,30,,,,,,,
non_cuban,富恩特,Arturo Fuente,富恩特OPUSX黄（4支）,4280,30,,,,,,,
non_cuban,富恩特,Arturo Fuente,富恩特巨著OPUS6黑檀木（6支）,5380,30,,,product_images/batch18/Davidoff_Opus6_Cigars_1.jpg,product_images/batch18/Davidoff_Opus6_Macassar_1.jpg,,,
non_cuban,富恩特,Arturo Fuente,富恩特巨著OPUS6黑（6支）,5370,30,,,,,,,
non_cuban,富恩特,Arturo Fuente,富恩特巨著OPUS6蓝（6支）,5380,30,,,product_images/batch19/Davidoff_OPUS6_Blue_1.jpg,product_images/batch19/Davidoff_OPUS6_Blue_2.jpg,product_images/batch19/Davidoff_OPUS6_Blue_3.jpg,product_images/batch19/Davidoff_OPUS6_Yellow_1.jpg,product_images/batch19/Davidoff_OPUS6_Yellow_2.jpg
non_cuban,富恩特,Arturo Fuente,富恩特巨著OPUS6黄（6支）,5580,30,,,,,,,
non_cuban,富恩特,Arturo Fuente,富恩特巨著天与地禁忌系列OPUSX22（22支）,25800,20,,,product_images/batch19/Davidoff_OPUSX22_1.jpg,product_images/batch19/Davidoff_OPUSX22_2.jpg,product_images/batch19/Davidoff_OPUSX22_3.jpg,,
non_cuban,富恩特,Arturo Fuente,富恩特巨著OPUS5红（5支）,7800,10,,,product_images/batch19/Davidoff_OPUS5_Red_1.jpg,product_images/batch19/Davidoff_OPUS5_Red_2.jpg,,,
non_cuban,富恩特,Arturo Fuente,富恩特巨著OPUS7蓝（7支）,8800,30,,,product_images/batch19/Davidoff_OPUS7_Blue_1.jpg,product_images/batch19/Davidoff_OPUS7_Blue_2.jpg,,,
non_cuban,富恩特,Arturo Fuente,富恩特巨著OPUS8黑檀木（8支）,9980,20,,,product_images/batch19/Davidoff_OPUS8_Ebony_1.jpg,product_images/batch19/Davidoff_OPUS8_Ebony_2.jpg,,,
non_cuban,富恩特,Arturo Fuente,富恩特巨著OPUSXI(11支）,10800,30,,,product_images/batch19/Davidoff_OPUSXI_1.jpg,product_images/batch19/Davidoff_OPUSXI_2.jpg,,,
non_cuban,富恩特,Arturo Fuente,富恩特OPUSX天与地禁忌系列BIG B黑檀木（6支）,6680,20,,,product_images/batch19/Davidoff_BigB_Ebony_1.jpg,,,,
non_cuban,富恩特,Arturo Fuente,富恩特OPUSX天与地禁忌系列EL天蝎座黑檀木（10支),10800,10,,,product_images/batch19/Davidoff_ElEscorpion_Ebony_1.jpg,,,,
non_cuban,富恩特,Arturo Fuente,富恩特OPUSX天与地禁忌系列紫雨黑檀木（10支),9360,20,,,product_images/batch19/Davidoff_PurpleRain_Ebony_1.jpg,,,,
non_cuban,富恩特,Arturo Fuente,富恩特OPUSX天与地禁忌系列黑木双皇冠（10支),9360,10,,,product_images/batch19/Davidoff_DoubleCor_Ebony_1.jpg,,,,
non_cuban,富恩特,Arturo Fuente,富恩特OPUSX天与地禁忌系列黑木鱼雷黑（10支),9360,10,,,product_images/batch19/Davidoff_Torpedo_Black_1.jpg,,,,
non_cuban,富恩特,Arturo Fuente,富恩特OPUSX天与地禁忌系列天蝎座马杜罗黄（10支),9360,30,,,product_images/batch19/Davidoff_Scorpio_Maduro_1.jpg,product_images/batch19/Davidoff_Scorpio_Maduro_2.jpg,,,
non_cuban,富恩特,Arturo Fuente,富恩特OPUSX天与地禁忌系列金牛座黑檀木（10支),9360,30,,,product_images/batch19/Davidoff_Tauros_Ebony_1.jpg,product_images/batch19/Davidoff_Tauros_Ebony_2.jpg,,,
non_cuban,富恩特,Arturo Fuente,富恩特OPUSX天与地禁忌系列金牛座马杜罗黄（10支),9360,10,,,product_images/batch19/Davidoff_Tauros_Maduro_1.jpg,product_images/batch19/Davidoff_Tauros_Maduro_2.jpg,product_images/batch19/Davidoff_Tauros_Maduro_Yellow_1.jpg,product_images/batch19/Davidoff_Tauros_Maduro_Yellow_2.jpg,
non_cuban,大卫杜夫,Davidoff,大卫杜夫至暗时刻丘吉尔（20支）,4620,30,,,product_images/batch19/Davidoff_LateHour_Churchill_1.jpg,product_images/batch19/Davidoff_LateHour_Churchill_2.jpg,,,
non_cuban,大卫杜夫,Davidoff,大卫至暗时刻公牛（20S）,4280,30,,,product_images/batch19/Davidoff_LateHour_Toro_1.jpg,product_images/batch19/Davidoff_LateHour_Toro_2.jpg,,,
non_cuban,大卫杜夫,Davidoff,大卫至暗时刻罗布图（20S）,4180,35,,,product_images/batch19/Davidoff_Escurio_PetitRobusto_1.jpg,product_images/batch19/Davidoff_Escurio_PetitRobusto_2.jpg,product_images/batch19/Davidoff_Escurio_Robusto_Tube_1.jpg,product_images/batch19/Davidoff_Escurio_Robusto_Tube_2.jpg,product_images/batch19/Davidoff_LateHour_Robusto_1.jpg
non_cuban,大卫杜夫,Davidoff,大卫杜夫埃斯小罗布图14S,1980,17,,,product_images/batch30/Davidoff_Escurio_Petit_Robusto_1.jpg,product_images/batch30/Davidoff_Escurio_Petit_Robusto_2.jpg,,,
non_cuban,大卫杜夫,Davidoff,大卫杜夫埃斯罗布图铝管（5*4S）,3360,6,,,product_images/batch30/Davidoff_Escurio_Robusto_Tubo_1.jpg,product_images/batch30/Davidoff_Escurio_Robusto_Tubo_2.jpg,,,
non_cuban,大卫杜夫,Davidoff,大卫杜夫精选礼盒(6S),1680,39,,,,,,,
non_cuban,大卫杜夫,Davidoff,大卫叶丝 大红章印5盒x50g,1680,46,,,product_images/batch19/Davidoff_RedMixture_50g_1.jpg,product_images/batch19/Davidoff_RedMixture_50g_2.jpg,,,
non_cuban,维佳,VegaFina,唯佳大公牛（25支）,2180,9,,,product_images/batch20/Davidoff_Vega_Fina_Classic_Corona_2.jpg,product_images/batch20/Davidoff_Vega_Fina_Fortaleza_2.jpg,,,
non_cuban,维佳,VegaFina,唯佳经典马年（16支）,2580,12,,,,,,,
non_cuban,维佳,VegaFina,唯佳名人（25支）,2680,18,,,,,,,
non_cuban,维佳,VegaFina,唯佳1998 VF50(10支),1320,20,,,product_images/batch20/Davidoff_Vega_Fina_1998_VF50_1.jpg,product_images/batch20/Davidoff_Vega_Fina_1998_VF50_2.jpg,product_images/batch20/Davidoff_Vega_Fina_1998_VF50_3.jpg,product_images/batch20/foxcigar_vf50.png,
non_cuban,维佳,VegaFina,唯佳1998  VF54（10支）,1680,20,,,product_images/batch20/Davidoff_Vega_Fina_1998_VF54_1.jpg,,,,
non_cuban,维佳,VegaFina,唯佳1998 VF56（10支）,1680,20,,,product_images/batch20/Davidoff_Vega_Fina_1998_VF56_1.jpg,product_images/batch20/Davidoff_Vega_Fina_1998_VF56_2.jpg,,,
non_cuban,维佳,VegaFina,唯佳经典皇冠（25支）,1980,20,,,,,,,
non_cuban,帕拉森,Plasencia,帕拉森马年限量版（10支）,2970,32,,,,,,,
non_cuban,帕拉森,Plasencia,帕拉森苍魂六边型（10支）,2180,9,,,product_images/batch30/Plasencia_Alma_Fuerte_Sixto_II_1.jpg,product_images/batch30/Plasencia_Alma_Fuerte_Sixto_II_2.jpg,,,
non_cuban,帕拉森,Plasencia,帕拉森苍魂六边型SIXTO（10支）,2380,10,,,product_images/batch30/Plasencia_Alma_Fuerte_Sixto_II_1.jpg,product_images/batch30/Plasencia_Alma_Fuerte_Sixto_II_2.jpg,,,
non_cuban,帕拉森,Plasencia,帕拉森精选罗布图（6支）,1180,10,,,product_images/batch30/Plasencia_Alma_Fuerte_Nestor_IV_1.jpg,product_images/batch30/Plasencia_Alma_Fuerte_Nestor_IV_2.jpg,,,
